candidate_id,species,chromosome,start,end,shin_label,fuzzy_score,balanced_prediction,moderate_prediction,strict_prediction,rank_fuzzy,hunter_weighted_hit_fraction,rank_hunter_weighted,rank_shift_vs_hunter_weighted,hunter_max_overlap_pct,rank_hunter_overlap,rank_shift_vs_hunter_overlap,hunter_max_raw_score,tss_distance_bp,grid_hit_m2_l6_t30,grid_overlap_pct_m2_l6_t30,grid_hit_m2_l10_t60,grid_overlap_pct_m2_l10_t60,component_signal,component_context,component_evidence,component_bias,component_feasibility,top_rules
SHIN_REAL_NEGATIVE_ZFS_0,Homo_sapiens_shin2016,chr17,19351954,19352338,negative,18.6198,0,0,0,327,0.394489,197,-130,1.8229,296,-31,66.6667,25421,1,1.8229,0,0.0000,37.2954,40.8899,51.7695,74.3813,92.0375,AF9:1.000;AF12:0.907
SHIN_REAL_NEGATIVE_ZFS_1,Homo_sapiens_shin2016,chr1,58520414,58520798,negative,18.0563,0,0,0,363,0.394489,198,-165,1.5625,338,-25,45.0000,31652,1,1.5625,0,0.0000,36.1710,27.2599,51.7695,74.3813,92.0375,AF9:1.000;AF12:0.988
SHIN_REAL_NEGATIVE_ZFS_10,Homo_sapiens_shin2016,chr1,144108051,144108059,negative,18.5849,0,0,0,330,0.394489,199,-131,2.0833,256,-74,53.5714,16568,1,2.0833,0,0.0000,36.6158,48.3844,51.7695,73.9655,92.0795,AF9:1.000;AF12:0.956
SHIN_REAL_NEGATIVE_ZFS_11,Homo_sapiens_shin2016,chr4,106849111,106849495,negative,18.8089,0,0,0,311,0.394489,200,-111,1.5625,339,28,55.0000,0,1,1.5625,0,0.0000,36.6899,90.7109,51.7695,74.3813,92.0375,AF9:1.000;AF12:0.951
SHIN_REAL_NEGATIVE_ZFS_12,Homo_sapiens_shin2016,chr21,43670955,43670965,negative,62.8860,1,1,1,60,1.000000,1,-59,3.8462,170,110,94.4444,470,1,3.8462,1,3.8462,82.1196,83.1465,72.1517,50.3974,94.5120,AF4:0.846
SHIN_REAL_NEGATIVE_ZFS_13,Homo_sapiens_shin2016,chr2,112749286,112749670,negative,19.5321,1,1,0,233,0.394489,201,-32,1.5625,340,107,90.0000,0,1,1.5625,0,0.0000,38.5062,90.7109,51.7695,74.3813,92.0375,AF9:1.000;AF12:0.821
SHIN_REAL_NEGATIVE_ZFS_14,Homo_sapiens_shin2016,chr1,71460923,71460931,negative,18.3356,0,0,0,349,0.394489,202,-147,2.0833,257,-92,50.0000,141591,1,2.0833,0,0.0000,36.4466,27.2599,51.7695,73.9655,92.0795,AF9:1.000;AF12:0.968
SHIN_REAL_NEGATIVE_ZFS_15,Homo_sapiens_shin2016,chr12,123965117,123965501,negative,19.5321,1,1,0,234,0.394489,203,-31,1.5625,341,107,90.0000,29,1,1.5625,0,0.0000,38.5062,90.7109,51.7695,74.3813,92.0375,AF9:1.000;AF12:0.821
SHIN_REAL_NEGATIVE_ZFS_16,Homo_sapiens_shin2016,chr1,144110428,144110812,negative,17.9623,0,0,0,368,0.394489,204,-164,1.5625,342,-26,30.0000,13816,1,1.5625,0,0.0000,35.3926,50.5711,51.7695,74.3813,92.0375,AF9:1.000;AF12:1.000
SHIN_REAL_NEGATIVE_ZFS_17,Homo_sapiens_shin2016,chr5,40870983,40871367,negative,-1.0000,0,0,0,375,0.000000,375,0,0.0000,375,0,0.0000,0,0,0.0000,0,0.0000,0.3633,90.7109,3.6765,71.5895,92.0375,
SHIN_REAL_NEGATIVE_ZFS_18,Homo_sapiens_shin2016,chr12,123990003,123990031,negative,19.1460,0,0,0,278,0.394489,205,-73,1.6026,337,59,55.5556,24474,1,1.6026,0,0.0000,37.4315,40.8899,51.7695,73.2290,92.1565,AF9:1.000;AF12:0.898
SHIN_REAL_NEGATIVE_ZFS_19,Homo_sapiens_shin2016,chr1,165950417,165950801,negative,18.7497,0,0,0,318,0.394489,206,-112,1.8229,297,-21,66.6667,7031,1,1.8229,0,0.0000,37.2954,55.9624,51.7695,74.3813,92.0375,AF9:1.000;AF12:0.907
SHIN_REAL_NEGATIVE_ZFS_2,Homo_sapiens_shin2016,chr5,36550367,36550751,negative,18.6744,0,0,0,323,0.394489,207,-116,1.8229,298,-25,75.0000,91695,1,1.8229,0,0.0000,37.7278,27.2599,51.7695,74.3813,92.0375,AF9:1.000;AF12:0.877
SHIN_REAL_NEGATIVE_ZFS_20,Homo_sapiens_shin2016,chr1,233900104,233900488,negative,17.9173,0,0,0,370,0.394489,208,-162,2.0833,258,-112,35.7143,19428,1,2.0833,0,0.0000,35.6891,32.4819,51.7695,74.3813,92.0375,AF9:1.000;AF12:1.000
SHIN_REAL_NEGATIVE_ZFS_21,Homo_sapiens_shin2016,chr17,54111741,54111758,negative,18.7406,0,0,0,320,0.394489,209,-111,2.3438,218,-102,62.5000,12656,1,2.3438,0,0.0000,37.0791,24.2329,51.7695,73.5260,92.1250,AF9:1.000;AF12:0.923
SHIN_REAL_NEGATIVE_ZFS_22,Homo_sapiens_shin2016,chr12,94953789,94954173,negative,18.1692,0,0,0,358,0.394489,210,-148,2.3438,219,-139,31.2500,294,1,2.3438,0,0.0000,35.4575,71.7540,51.7695,74.3813,92.0375,AF9:1.000;AF12:1.000
SHIN_REAL_NEGATIVE_ZFS_23,Homo_sapiens_shin2016,chr11,57265223,57265607,negative,18.4480,0,0,0,339,0.394489,211,-128,1.8229,299,-40,58.3333,20203,1,1.8229,0,0.0000,36.8629,40.8899,51.7695,74.3813,92.0375,AF9:1.000;AF12:0.938
SHIN_REAL_NEGATIVE_ZFS_24,Homo_sapiens_shin2016,chr1,90243158,90243542,negative,18.3722,0,0,0,347,0.394489,212,-135,1.5625,343,-4,55.0000,9893,1,1.5625,0,0.0000,36.6899,40.0583,51.7695,74.3813,92.0375,AF9:1.000;AF12:0.951
SHIN_REAL_NEGATIVE_ZFS_25,Homo_sapiens_shin2016,chr10,57800510,57800894,negative,18.0809,0,0,0,362,0.394489,213,-149,2.3438,220,-142,40.6250,9471,1,2.3438,0,0.0000,35.9440,40.3936,51.7695,74.3813,92.0375,AF9:1.000;AF12:1.000
SHIN_REAL_NEGATIVE_ZFS_26,Homo_sapiens_shin2016,chr15,36533446,36533454,negative,19.0968,0,0,0,287,0.394489,214,-73,2.0833,259,-28,60.7143,165,1,2.0833,0,0.0000,36.9865,90.7109,51.7695,73.9655,92.0795,AF9:1.000;AF12:0.930
SHIN_REAL_NEGATIVE_ZFS_27,Homo_sapiens_shin2016,chr9,37790579,37790963,negative,19.2214,1,0,0,267,0.394489,215,-52,1.8229,300,33,75.0000,0,1,1.8229,0,0.0000,37.7278,90.7109,51.7695,74.3813,92.0375,AF9:1.000;AF12:0.877
SHIN_REAL_NEGATIVE_ZFS_28,Homo_sapiens_shin2016,chr1,146273121,146273505,negative,18.6886,0,0,0,322,0.394489,216,-106,1.5625,344,22,70.0000,148869,1,1.5625,0,0.0000,37.4683,40.8899,51.7695,74.3813,92.0375,AF9:1.000;AF12:0.895
SHIN_REAL_NEGATIVE_ZFS_29,Homo_sapiens_shin2016,chr5,17271479,17271487,negative,18.9592,0,0,0,306,0.394489,217,-89,2.0833,260,-46,64.2857,730,1,2.0833,0,0.0000,37.1718,66.2110,51.7695,73.9655,92.0795,AF9:1.000;AF12:0.916
SHIN_REAL_NEGATIVE_ZFS_3,Homo_sapiens_shin2016,chr21,17748808,17748816,negative,19.0706,0,0,0,293,0.394489,218,-75,2.0833,261,-32,85.7143,58384,1,2.0833,0,0.0000,38.2838,13.6300,51.7695,73.6686,92.1110,AF9:1.000;AF12:0.837
SHIN_REAL_NEGATIVE_ZFS_30,Homo_sapiens_shin2016,chr1,143811422,143811806,negative,17.8723,0,0,0,373,0.394489,219,-154,2.0833,262,-111,35.7143,23871,1,2.0833,0,0.0000,35.6891,27.2599,51.7695,74.3813,92.0375,AF9:1.000;AF12:1.000
SHIN_REAL_NEGATIVE_ZFS_31,Homo_sapiens_shin2016,chr8,100094283,100094667,negative,19.3939,1,0,0,251,0.394489,220,-31,1.8229,301,50,83.3333,3,1,1.8229,0,0.0000,38.1603,90.7109,51.7695,74.3813,92.0375,AF9:1.000;AF12:0.846
SHIN_REAL_NEGATIVE_ZFS_32,Homo_sapiens_shin2016,chr7,134997709,134997717,negative,18.9664,0,0,0,303,0.394489,221,-82,2.0833,263,-40,75.0000,65756,1,2.0833,0,0.0000,37.7278,27.2599,51.7695,73.6686,92.1110,AF9:1.000;AF12:0.877
SHIN_REAL_NEGATIVE_ZFS_33,Homo_sapiens_shin2016,chr1,143739564,143739948,negative,18.1571,0,0,0,360,0.394489,222,-138,1.5625,345,-15,45.0000,11283,1,1.5625,0,0.0000,36.1710,38.9538,51.7695,74.3813,92.0375,AF9:1.000;AF12:0.988
SHIN_REAL_NEGATIVE_ZFS_34,Homo_sapiens_shin2016,chr1,85373052,85373436,negative,18.2619,0,0,0,352,0.394489,223,-129,1.5625,346,-6,55.0000,65880,1,1.5625,0,0.0000,36.6899,27.2599,51.7695,74.3813,92.0375,AF9:1.000;AF12:0.951
SHIN_REAL_NEGATIVE_ZFS_35,Homo_sapiens_shin2016,chr1,44959796,44960180,negative,18.3856,0,0,0,345,0.394489,224,-121,1.8229,302,-43,58.3333,17958,1,1.8229,0,0.0000,36.8629,33.6500,51.7695,74.3813,92.0375,AF9:1.000;AF12:0.938
SHIN_REAL_NEGATIVE_ZFS_36,Homo_sapiens_shin2016,chr1,67313970,67314354,negative,-1.0000,0,0,0,376,0.000000,376,0,0.0000,376,0,0.0000,21303,0,0.0000,0,0.0000,0.3633,40.8899,3.6765,71.5895,92.0375,
SHIN_REAL_NEGATIVE_ZFS_37,Homo_sapiens_shin2016,chr5,17269989,17270373,negative,-1.0000,0,0,0,377,0.000000,377,0,0.0000,377,0,0.0000,135,0,0.0000,0,0.0000,0.3633,90.7109,3.6765,71.5895,92.0375,
SHIN_REAL_NEGATIVE_ZFS_38,Homo_sapiens_shin2016,chr1,203447165,203447549,negative,19.3248,1,0,0,256,0.394489,225,-31,1.5625,347,91,80.0000,0,1,1.5625,0,0.0000,37.9873,90.7109,51.7695,74.3813,92.0375,AF9:1.000;AF12:0.858
SHIN_REAL_NEGATIVE_ZFS_39,Homo_sapiens_shin2016,chr5,26528893,26528901,negative,18.2181,0,0,0,355,0.394489,226,-129,2.3438,221,-134,43.7500,545544,1,2.3438,0,0.0000,36.4466,13.6300,51.7695,73.9655,92.0795,AF9:1.000;AF12:0.968
SHIN_REAL_NEGATIVE_ZFS_4,Homo_sapiens_shin2016,chr11,7965084,7965468,negative,18.4194,0,0,0,342,0.394489,227,-115,2.0833,264,-78,35.7143,0,1,2.0833,0,0.0000,35.6891,90.7109,51.7695,74.3813,92.0375,AF9:1.000;AF12:1.000
SHIN_REAL_NEGATIVE_ZFS_40,Homo_sapiens_shin2016,chrX,18912748,18913132,negative,19.0329,0,0,0,298,0.394489,228,-70,1.5625,348,50,70.0000,652,1,1.5625,0,0.0000,37.4683,80.8326,51.7695,74.3813,92.0375,AF9:1.000;AF12:0.895
SHIN_REAL_NEGATIVE_ZFS_41,Homo_sapiens_shin2016,chr2,47257177,47257561,negative,19.0149,0,0,0,300,0.394489,229,-71,1.5625,349,49,65.0000,24,1,1.5625,0,0.0000,37.2089,90.7109,51.7695,74.3813,92.0375,AF9:1.000;AF12:0.914
SHIN_REAL_NEGATIVE_ZFS_42,Homo_sapiens_shin2016,chr1,247134647,247135031,negative,18.2680,0,0,0,351,0.394489,230,-121,1.8229,303,-48,45.8333,14741,1,1.8229,0,0.0000,36.2142,49.8361,51.7695,74.3813,92.0375,AF9:1.000;AF12:0.985
SHIN_REAL_NEGATIVE_ZFS_43,Homo_sapiens_shin2016,chr1,159664328,159664712,negative,18.2447,0,0,0,354,0.394489,231,-123,1.8229,304,-50,54.1667,60041,1,1.8229,0,0.0000,36.6467,27.2599,51.7695,74.3813,92.0375,AF9:1.000;AF12:0.954
SHIN_REAL_NEGATIVE_ZFS_44,Homo_sapiens_shin2016,chr4,24834480,24834488,negative,18.5401,0,0,0,334,0.394489,232,-102,2.0833,265,-69,60.7143,10262,1,2.0833,0,0.0000,36.9865,26.1351,51.7695,73.9655,92.0795,AF9:1.000;AF12:0.930
SHIN_REAL_NEGATIVE_ZFS_45,Homo_sapiens_shin2016,chr1,85754616,85755000,negative,17.9131,0,0,0,371,0.394489,233,-138,2.3438,222,-149,43.7500,51206,1,2.3438,0,0.0000,36.1061,13.6300,51.7695,74.3813,92.0375,AF9:1.000;AF12:0.992
SHIN_REAL_NEGATIVE_ZFS_46,Homo_sapiens_shin2016,chr1,85777671,85778055,negative,17.8584,0,0,0,374,0.394489,234,-140,1.5625,350,-24,35.0000,40986,1,1.5625,0,0.0000,35.6521,27.2599,51.7695,74.3813,92.0375,AF9:1.000;AF12:1.000
SHIN_REAL_NEGATIVE_ZFS_47,Homo_sapiens_shin2016,chr12,97421270,97421654,negative,18.5447,0,0,0,333,0.394489,235,-98,1.8229,305,-28,58.3333,11882,1,1.8229,0,0.0000,36.8629,52.1078,51.7695,74.3813,92.0375,AF9:1.000;AF12:0.938
SHIN_REAL_NEGATIVE_ZFS_48,Homo_sapiens_shin2016,chr1,146202374,146202758,negative,18.0948,0,0,0,361,0.394489,236,-125,2.3438,223,-138,46.8750,125670,1,2.3438,0,0.0000,36.2683,27.2599,51.7695,74.3813,92.0375,AF9:1.000;AF12:0.981
SHIN_REAL_NEGATIVE_ZFS_49,Homo_sapiens_shin2016,chr11,62365477,62365485,negative,19.1526,0,0,0,277,0.394489,237,-40,2.0833,266,-11,71.4286,1769,1,2.0833,0,0.0000,37.5425,57.4245,51.7695,73.6686,92.1110,AF9:1.000;AF12:0.890
SHIN_REAL_NEGATIVE_ZFS_5,Homo_sapiens_shin2016,chr8,121526402,121526786,negative,18.9634,0,0,0,305,0.394489,238,-67,1.8229,306,1,62.5000,42,1,1.8229,0,0.0000,37.0791,90.7109,51.7695,74.3813,92.0375,AF9:1.000;AF12:0.923
SHIN_REAL_NEGATIVE_ZFS_50,Homo_sapiens_shin2016,chr7,40140626,40141010,negative,18.6204,0,0,0,326,0.394489,239,-87,1.8229,307,-19,45.8333,0,1,1.8229,0,0.0000,36.2142,90.7109,51.7695,74.3813,92.0375,AF9:1.000;AF12:0.985
SHIN_REAL_NEGATIVE_ZFS_51,Homo_sapiens_shin2016,chr1,159766586,159766594,negative,18.6338,0,0,0,325,0.394489,240,-85,2.6042,188,-137,44.4444,5927,1,2.6042,0,0.0000,36.8409,29.5796,51.7695,73.6686,92.1110,AF9:1.000;AF12:0.940
SHIN_REAL_NEGATIVE_ZFS_52,Homo_sapiens_shin2016,chr3,187983691,187984075,negative,-1.0000,0,0,0,378,0.000000,378,0,0.0000,378,0,0.0000,0,0,0.0000,0,0.0000,0.3633,90.7109,3.6765,71.5895,92.0375,
SHIN_REAL_NEGATIVE_ZFS_53,Homo_sapiens_shin2016,chr1,161558054,161558438,negative,19.1181,0,0,0,280,0.394489,241,-39,1.5625,351,71,70.0000,0,1,1.5625,0,0.0000,37.4683,90.7109,51.7695,74.3813,92.0375,AF9:1.000;AF12:0.895
SHIN_REAL_NEGATIVE_ZFS_54,Homo_sapiens_shin2016,chr6,52968433,52968450,negative,19.0775,0,0,0,292,0.394489,242,-50,2.3438,224,-68,59.3750,335,1,2.3438,0,0.0000,36.9170,84.8628,51.7695,73.8230,92.0970,AF9:1.000;AF12:0.935
SHIN_REAL_NEGATIVE_ZFS_55,Homo_sapiens_shin2016,chr12,107974550,107974934,negative,-1.0000,0,0,0,379,0.000000,379,0,0.0000,379,0,0.0000,29274,0,0.0000,0,0.0000,0.3633,40.8899,3.6765,71.5895,92.0375,
SHIN_REAL_NEGATIVE_ZFS_56,Homo_sapiens_shin2016,chrY,10647660,10648044,negative,18.6198,0,0,0,328,0.394489,243,-85,1.8229,308,-20,66.6667,508952,1,1.8229,0,0.0000,37.2954,40.8899,51.7695,74.3813,92.0375,AF9:1.000;AF12:0.907
SHIN_REAL_NEGATIVE_ZFS_57,Homo_sapiens_shin2016,chr5,45018848,45019232,negative,17.9677,0,0,0,366,0.394489,244,-122,2.3438,225,-141,40.6250,174065,1,2.3438,0,0.0000,35.9440,27.2599,51.7695,74.3813,92.0375,AF9:1.000;AF12:1.000
SHIN_REAL_NEGATIVE_ZFS_58,Homo_sapiens_shin2016,chr1,143731753,143731762,negative,18.3941,0,0,0,344,0.394489,245,-99,2.3438,226,-118,50.0000,19468,1,2.3438,0,0.0000,36.4564,32.4502,51.7695,73.9418,92.0830,AF9:1.000;AF12:0.967
SHIN_REAL_NEGATIVE_ZFS_59,Homo_sapiens_shin2016,chr7,96906928,96907312,negative,18.0563,0,0,0,364,0.394489,246,-118,2.8646,181,-183,45.0000,291999,1,2.8646,0,0.0000,36.1710,27.2599,51.7695,74.3813,92.0375,AF9:1.000;AF12:0.988
SHIN_REAL_NEGATIVE_ZFS_6,Homo_sapiens_shin2016,chrX,73080616,73080624,negative,18.4027,0,0,0,343,0.394489,247,-96,2.0833,267,-76,53.5714,69019,1,2.0833,0,0.0000,36.6158,27.2599,51.7695,73.9655,92.0795,AF9:1.000;AF12:0.956
SHIN_REAL_NEGATIVE_ZFS_60,Homo_sapiens_shin2016,chr18,75883593,75883977,negative,18.2592,0,0,0,353,0.394489,248,-105,1.8229,309,-44,50.0000,11369,1,1.8229,0,0.0000,36.4305,38.8855,51.7695,74.3813,92.0375,AF9:1.000;AF12:0.969
SHIN_REAL_NEGATIVE_ZFS_61,Homo_sapiens_shin2016,chr1,147490620,147490718,negative,18.1738,0,0,0,357,0.394489,249,-108,6.1224,159,-198,45.0000,530194,1,6.1224,0,0.0000,36.1710,40.8899,51.7695,74.3813,92.0375,AF9:1.000;AF12:0.988
SHIN_REAL_NEGATIVE_ZFS_62,Homo_sapiens_shin2016,chr2,3600393,3600777,negative,19.1181,0,0,0,281,0.394489,250,-31,1.5625,352,71,70.0000,0,1,1.5625,0,0.0000,37.4683,90.7109,51.7695,74.3813,92.0375,AF9:1.000;AF12:0.895
SHIN_REAL_NEGATIVE_ZFS_63,Homo_sapiens_shin2016,chr1,28847562,28847588,negative,19.0592,0,0,0,295,0.394489,251,-44,2.3438,227,-68,59.3750,5391,1,2.3438,0,0.0000,37.0174,57.2655,51.7695,73.3835,92.1390,AF9:1.000;AF12:0.927
SHIN_REAL_NEGATIVE_ZFS_64,Homo_sapiens_shin2016,chr2,6902965,6903349,negative,18.2005,0,0,0,356,0.394489,252,-104,1.5625,353,-3,50.0000,19945,1,1.5625,0,0.0000,36.4305,32.0711,51.7695,74.3813,92.0375,AF9:1.000;AF12:0.969
SHIN_REAL_NEGATIVE_ZFS_65,Homo_sapiens_shin2016,chr1,159848996,159849380,negative,18.5000,0,0,0,336,0.394489,253,-83,1.8229,310,-26,58.3333,18402,1,1.8229,0,0.0000,36.8629,46.9271,51.7695,74.3813,92.0375,AF9:1.000;AF12:0.938
SHIN_REAL_NEGATIVE_ZFS_66,Homo_sapiens_shin2016,chr1,159635944,159635952,negative,19.0101,0,0,0,301,0.394489,254,-47,2.0833,268,-33,71.4286,31657,1,2.0833,0,0.0000,37.5425,40.8899,51.7695,73.6686,92.1110,AF9:1.000;AF12:0.890
SHIN_REAL_NEGATIVE_ZFS_68,Homo_sapiens_shin2016,chr17,44624717,44625101,negative,18.3406,0,0,0,348,0.394489,255,-93,1.5625,354,6,50.0000,16641,1,1.5625,0,0.0000,36.4305,48.3264,51.7695,74.3813,92.0375,AF9:1.000;AF12:0.969
SHIN_REAL_NEGATIVE_ZFS_69,Homo_sapiens_shin2016,chr5,36912972,36913356,negative,-1.0000,0,0,0,380,0.000000,380,0,0.0000,380,0,0.0000,324,0,0.0000,0,0.0000,0.3633,85.0026,3.6765,71.5895,92.0375,
SHIN_REAL_NEGATIVE_ZFS_7,Homo_sapiens_shin2016,chr1,143733529,143733913,negative,18.4442,0,0,0,340,0.394489,256,-84,1.8229,311,-29,66.6667,17318,1,1.8229,0,0.0000,37.2954,20.5285,51.7695,74.3813,92.0375,AF9:1.000;AF12:0.907
SHIN_REAL_NEGATIVE_ZFS_70,Homo_sapiens_shin2016,chr21,32906514,32906898,negative,19.1181,0,0,0,282,0.394489,257,-25,1.5625,355,73,70.0000,0,1,1.5625,0,0.0000,37.4683,90.7109,51.7695,74.3813,92.0375,AF9:1.000;AF12:0.895
SHIN_REAL_NEGATIVE_ZFS_71,Homo_sapiens_shin2016,chr3,170972561,170972945,negative,18.5530,0,0,0,332,0.394489,258,-74,2.0833,269,-63,46.4286,602,1,2.0833,0,0.0000,36.2451,81.4683,51.7695,74.3813,92.0375,AF9:1.000;AF12:0.982
SHIN_REAL_NEGATIVE_ZFS_72,Homo_sapiens_shin2016,chr16,22217194,22217578,negative,18.9999,0,0,0,302,0.394489,259,-43,1.5625,356,54,70.0000,953,1,1.5625,0,0.0000,37.4683,77.0059,51.7695,74.3813,92.0375,AF9:1.000;AF12:0.895
SHIN_REAL_NEGATIVE_ZFS_73,Homo_sapiens_shin2016,chr1,148249162,148249170,negative,19.6177,1,1,1,230,0.394489,260,30,2.0833,270,40,85.7143,139,1,2.0833,0,0.0000,38.2838,77.0809,51.7695,73.6686,92.1110,AF9:1.000;AF12:0.837
SHIN_REAL_NEGATIVE_ZFS_8,Homo_sapiens_shin2016,chr5,58203782,58204166,negative,17.8800,0,0,0,372,0.394489,261,-111,2.6042,189,-183,36.1111,289087,1,2.6042,0,0.0000,35.7097,27.2599,51.7695,74.3813,92.0375,AF9:1.000;AF12:1.000
SHIN_REAL_NEGATIVE_ZFS_9,Homo_sapiens_shin2016,chr1,143807572,143807956,negative,-1.0000,0,0,0,381,0.000000,381,0,0.0000,381,0,0.0000,20021,0,0.0000,0,0.0000,0.3633,40.8899,3.6765,71.5895,92.0375,
SHIN_REAL_POSITIVE_ZFS_0,Homo_sapiens_shin2016,chr17,77648469,77648479,positive,44.2832,1,1,1,192,1.000000,2,-190,2.6042,190,-2,77.7778,915,1,2.6042,1,2.6042,81.2547,77.4890,72.1517,73.0390,92.1775,AF9:0.154
SHIN_REAL_POSITIVE_ZFS_1,Homo_sapiens_shin2016,chr8,124477661,124477680,positive,63.0883,1,1,1,35,1.000000,3,-32,2.6042,191,156,100.0000,187,1,2.6042,1,2.6042,82.4079,90.7109,72.1517,50.3261,94.5190,AF4:0.846
SHIN_REAL_POSITIVE_ZFS_10,Homo_sapiens_shin2016,chr3,150952813,150953197,positive,19.3248,1,0,0,257,0.394489,262,5,1.5625,357,100,80.0000,0,1,1.5625,0,0.0000,37.9873,90.7109,51.7695,74.3813,92.0375,AF9:1.000;AF12:0.858
SHIN_REAL_POSITIVE_ZFS_100,Homo_sapiens_shin2016,chr5,26070249,26070305,positive,62.2365,1,1,1,116,1.000000,4,-112,14.5833,72,-44,67.2727,1004140,1,14.5833,1,14.5833,82.0748,27.2599,72.1517,49.7559,94.5785,AF4:0.846;AF6:0.154
SHIN_REAL_POSITIVE_ZFS_101,Homo_sapiens_shin2016,chr6,111242938,111242955,positive,63.0737,1,1,1,39,1.000000,5,-34,4.4271,167,128,100.0000,149,1,4.4271,1,4.4271,82.4079,90.7109,72.1517,50.3617,94.5155,AF4:0.846
SHIN_REAL_POSITIVE_ZFS_102,Homo_sapiens_shin2016,chr3,171238939,171238981,positive,62.9988,1,1,1,51,1.000000,6,-45,8.5938,138,87,77.3438,415,1,8.5938,1,8.5938,81.9372,83.8457,72.1517,49.9697,94.5540,AF4:0.846
SHIN_REAL_POSITIVE_ZFS_103,Homo_sapiens_shin2016,chr5,140085800,140086184,positive,18.7919,0,0,0,313,0.394489,263,-50,1.8229,312,-1,75.0000,25585,1,1.8229,0,0.0000,37.7278,40.8899,51.7695,74.3813,92.0375,AF9:1.000;AF12:0.877
SHIN_REAL_POSITIVE_ZFS_104,Homo_sapiens_shin2016,chr15,62466879,62466887,positive,19.2694,1,1,1,263,0.394489,264,1,1.8229,313,50,75.0000,185,1,1.8229,0,0.0000,37.7278,77.0809,51.7695,73.9774,92.0795,AF9:1.000;AF12:0.877
SHIN_REAL_POSITIVE_ZFS_105,Homo_sapiens_shin2016,chr9,111918289,111918362,positive,57.8904,1,1,1,161,1.000000,7,-154,19.0104,32,-129,64.2361,67493,1,19.0104,1,19.0104,81.8469,27.2599,72.1517,58.7009,93.6545,AF4:0.715;AF6:0.154;AF9:0.058
SHIN_REAL_POSITIVE_ZFS_106,Homo_sapiens_shin2016,chr1,143699435,143699443,positive,18.5641,0,0,0,331,0.394489,265,-66,2.0833,271,-60,60.7143,6753,1,2.0833,0,0.0000,36.9865,28.9233,51.7695,73.9655,92.0795,AF9:1.000;AF12:0.930
SHIN_REAL_POSITIVE_ZFS_107,Homo_sapiens_shin2016,chr12,14815011,14815021,positive,44.2662,1,1,1,193,1.000000,8,-185,2.6042,192,-1,69.4444,310,1,2.6042,1,2.6042,81.0322,85.1806,72.1517,73.0390,92.1775,AF9:0.154
SHIN_REAL_POSITIVE_ZFS_108,Homo_sapiens_shin2016,chr1,144094028,144094055,positive,46.7558,1,1,1,187,1.000000,9,-178,2.6042,193,6,63.8889,30572,1,2.6042,1,2.6042,81.1988,13.6300,72.1517,72.7776,92.2020,AF9:0.154;AF6:0.136
SHIN_REAL_POSITIVE_ZFS_109,Homo_sapiens_shin2016,chr3,129688167,129688191,positive,19.6894,1,1,1,226,0.394489,266,40,2.0833,272,46,92.8571,6526,1,2.0833,0,0.0000,38.6545,56.3636,51.7695,73.4191,92.1355,AF9:1.000;AF12:0.810
SHIN_REAL_POSITIVE_ZFS_11,Homo_sapiens_shin2016,chr19,52377456,52377514,positive,57.6256,1,1,1,175,1.000000,10,-165,15.1042,65,-110,64.9123,48776,1,15.1042,1,15.1042,81.7001,0.0000,72.1517,58.9266,93.6300,AF4:0.698;AF9:0.077
SHIN_REAL_POSITIVE_ZFS_110,Homo_sapiens_shin2016,chr20,34144836,34144898,positive,57.5628,1,1,1,177,1.000000,11,-166,16.1458,50,-127,63.9344,61177,1,16.1458,1,16.1458,81.7390,13.6300,72.1517,58.8672,93.6370,AF4:0.703;AF6:0.136;AF9:0.072
SHIN_REAL_POSITIVE_ZFS_111,Homo_sapiens_shin2016,chr15,47501480,47501537,positive,62.9388,1,1,1,57,1.000000,12,-45,12.5000,102,45,69.1489,1213,1,12.5000,1,12.5000,82.0846,59.7439,72.1517,49.7440,94.5785,AF4:0.846
SHIN_REAL_POSITIVE_ZFS_112,Homo_sapiens_shin2016,chr17,12440988,12441017,positive,61.8915,1,1,1,140,1.000000,13,-127,7.5521,147,7,78.5714,46978,1,7.5521,1,7.5521,81.8101,13.6300,72.1517,50.1717,94.5330,AF4:0.846;AF6:0.136
SHIN_REAL_POSITIVE_ZFS_113,Homo_sapiens_shin2016,chr1,100207928,100208312,positive,19.5321,1,1,0,235,0.394489,267,32,1.5625,358,123,90.0000,0,1,1.5625,0,0.0000,38.5062,90.7109,51.7695,74.3813,92.0375,AF9:1.000;AF12:0.821
SHIN_REAL_POSITIVE_ZFS_114,Homo_sapiens_shin2016,chr2,232282254,232282263,positive,19.1877,1,1,1,270,0.394489,268,-2,2.3438,228,-42,75.0000,792,1,2.3438,0,0.0000,37.7278,51.7928,51.7695,73.6448,92.1145,AF9:1.000;AF12:0.877
SHIN_REAL_POSITIVE_ZFS_115,Homo_sapiens_shin2016,chr19,60383275,60383333,positive,63.2142,1,1,1,18,1.000000,14,-4,6.2500,156,138,69.5652,198,1,6.2500,1,6.2500,82.0945,90.7109,72.1517,49.7321,94.5785,AF4:0.846
SHIN_REAL_POSITIVE_ZFS_116,Homo_sapiens_shin2016,chr6,26164381,26164765,positive,17.9939,0,0,0,365,0.394489,269,-96,2.6042,194,-171,30.5556,10791,1,2.6042,0,0.0000,35.4214,52.9747,51.7695,74.3813,92.0375,AF9:1.000;AF12:1.000
SHIN_REAL_POSITIVE_ZFS_117,Homo_sapiens_shin2016,chr6,27215111,27215495,positive,19.3076,1,1,1,261,0.394489,270,9,1.8229,314,53,79.1667,57,1,1.8229,0,0.0000,37.9440,90.7109,51.7695,74.3813,92.0375,AF9:1.000;AF12:0.861
SHIN_REAL_POSITIVE_ZFS_118,Homo_sapiens_shin2016,chr2,235791491,235791562,positive,62.4884,1,1,1,94,1.000000,15,-79,25.7246,14,-80,69.6429,239424,1,25.7246,1,25.7246,82.2216,13.6300,72.1517,49.0907,94.6450,AF4:0.846;AF6:0.136
SHIN_REAL_POSITIVE_ZFS_119,Homo_sapiens_shin2016,chr3,11389125,11389188,positive,57.7848,1,1,1,168,1.000000,16,-152,16.4062,46,-122,62.9032,100043,1,16.4062,1,16.4062,81.7489,40.8899,72.1517,58.8553,93.6370,AF4:0.703;AF6:0.154;AF9:0.071
SHIN_REAL_POSITIVE_ZFS_12,Homo_sapiens_shin2016,chr1,38228248,38228632,positive,19.1353,0,0,0,279,0.394489,271,-8,1.8229,315,36,70.8333,0,1,1.8229,0,0.0000,37.5116,90.7109,51.7695,74.3813,92.0375,AF9:1.000;AF12:0.892
SHIN_REAL_POSITIVE_ZFS_120,Homo_sapiens_shin2016,chr5,129926680,129926742,positive,63.0467,1,1,1,45,1.000000,17,-28,46.9697,2,-43,69.6721,602192,1,46.9697,1,46.9697,82.1334,27.2599,72.1517,47.8315,94.7745,AF4:0.846;AF6:0.154
SHIN_REAL_POSITIVE_ZFS_121,Homo_sapiens_shin2016,chr9,112250061,112250124,positive,57.5808,1,1,1,176,1.000000,18,-158,10.9375,119,-57,62.8049,110143,1,10.9375,1,10.9375,81.7489,13.6300,72.1517,58.8553,93.6370,AF4:0.703;AF6:0.136;AF9:0.071
SHIN_REAL_POSITIVE_ZFS_122,Homo_sapiens_shin2016,chr17,18149353,18149391,positive,62.1702,1,1,1,127,1.000000,19,-108,9.8958,128,1,77.0270,9654,1,9.8958,1,9.8958,81.8983,40.2482,72.1517,50.0291,94.5470,AF4:0.846;AF6:0.154
SHIN_REAL_POSITIVE_ZFS_123,Homo_sapiens_shin2016,chr12,43628693,43628702,positive,18.4677,0,0,0,338,0.394489,272,-66,2.3438,229,-109,56.2500,72289,1,2.3438,0,0.0000,36.7548,27.2599,51.7695,73.9418,92.0830,AF9:1.000;AF12:0.946
SHIN_REAL_POSITIVE_ZFS_124,Homo_sapiens_shin2016,chr1,71584028,71584412,positive,18.1590,0,0,0,359,0.394489,273,-86,1.8229,316,-43,50.0000,264696,1,1.8229,0,0.0000,36.4305,27.2599,51.7695,74.3813,92.0375,AF9:1.000;AF12:0.969
SHIN_REAL_POSITIVE_ZFS_125,Homo_sapiens_shin2016,chr2,11523639,11523658,positive,44.4053,1,1,1,191,1.000000,20,-171,2.6042,195,4,75.0000,89,1,2.6042,1,2.6042,81.1204,90.7109,72.1517,72.8964,92.1915,AF9:0.154
SHIN_REAL_POSITIVE_ZFS_126,Homo_sapiens_shin2016,chr6,8380235,8380245,positive,44.1413,1,1,1,194,1.000000,21,-173,2.6042,196,2,69.4444,378,1,2.6042,1,2.6042,81.0322,70.6861,72.1517,73.0390,92.1775,AF9:0.154
SHIN_REAL_POSITIVE_ZFS_127,Homo_sapiens_shin2016,chr16,15929960,15930024,positive,57.8030,1,1,1,166,1.000000,22,-144,14.5833,73,-93,64.5455,20910,1,14.5833,1,14.5833,81.7587,40.8899,72.1517,58.8434,93.6405,AF4:0.704;AF6:0.154;AF9:0.070
SHIN_REAL_POSITIVE_ZFS_128,Homo_sapiens_shin2016,chr6,10520900,10520909,positive,19.4876,1,1,1,242,0.394489,274,32,2.3438,230,-12,81.2500,308,1,2.3438,0,0.0000,38.0522,71.5761,51.7695,73.6448,92.1145,AF9:1.000;AF12:0.853
SHIN_REAL_POSITIVE_ZFS_129,Homo_sapiens_shin2016,chr5,167845103,167845162,positive,63.1176,1,1,1,33,1.000000,23,-10,13.2812,90,57,69.5000,878,1,13.2812,1,13.2812,82.1038,77.9594,72.1517,49.7084,94.5820,AF4:0.846
SHIN_REAL_POSITIVE_ZFS_13,Homo_sapiens_shin2016,chrX,81099404,81099535,positive,59.0089,1,1,1,146,1.000000,24,-122,34.1146,9,-137,60.3846,755127,1,34.1146,1,34.1146,82.0135,40.8899,72.1517,57.7980,93.7455,AF4:0.785;AF6:0.154
SHIN_REAL_POSITIVE_ZFS_130,Homo_sapiens_shin2016,chr2,241690277,241690661,positive,19.7399,1,1,1,219,0.394489,275,56,1.8229,317,98,100.0000,0,1,1.8229,0,0.0000,39.0252,90.7109,51.7695,74.3813,92.0375,AF9:1.000;AF12:0.784
SHIN_REAL_POSITIVE_ZFS_131,Homo_sapiens_shin2016,chr12,63321284,63321322,positive,62.0583,1,1,1,136,1.000000,25,-111,7.8125,146,10,77.5862,30725,1,7.8125,1,7.8125,81.8983,27.2599,72.1517,50.0291,94.5470,AF4:0.846;AF6:0.154
SHIN_REAL_POSITIVE_ZFS_132,Homo_sapiens_shin2016,chr17,53439533,53439567,positive,62.9751,1,1,1,54,1.000000,26,-28,5.4688,162,108,85.0000,138,1,5.4688,1,5.4688,81.8589,90.7109,72.1517,50.1004,94.5400,AF4:0.846
SHIN_REAL_POSITIVE_ZFS_133,Homo_sapiens_shin2016,chr16,71646913,71647021,positive,63.3523,1,1,1,15,1.000000,27,12,17.1875,42,27,65.7692,7139,1,17.1875,1,17.1875,82.4079,55.8765,72.1517,48.9481,94.6590,AF4:0.846
SHIN_REAL_POSITIVE_ZFS_134,Homo_sapiens_shin2016,chr3,197098927,197099196,positive,63.8351,1,1,1,3,1.000000,28,25,19.7917,25,22,66.6667,7632,1,19.7917,1,19.7917,82.4079,41.8548,72.1517,46.4654,94.9180,AF4:0.846;AF6:0.154
SHIN_REAL_POSITIVE_ZFS_135,Homo_sapiens_shin2016,chr1,211031646,211031664,positive,44.1224,1,1,1,195,1.000000,29,-166,2.6042,197,2,61.1111,97,1,2.6042,1,2.6042,80.7162,90.7109,72.1517,73.2171,92.1565,AF9:0.154
SHIN_REAL_POSITIVE_ZFS_136,Homo_sapiens_shin2016,chr1,148474935,148474997,positive,60.2340,1,1,1,142,1.000000,30,-112,52.9915,1,-141,62.2951,86,1,52.9915,1,52.9915,81.7390,90.7109,72.1517,56.6814,93.8610,AF4:0.846
SHIN_REAL_POSITIVE_ZFS_137,Homo_sapiens_shin2016,chr6,27208667,27209051,positive,19.7399,1,1,1,220,0.394489,276,56,1.5625,359,139,100.0000,0,1,1.5625,0,0.0000,39.0252,90.7109,51.7695,74.3813,92.0375,AF9:1.000;AF12:0.784
SHIN_REAL_POSITIVE_ZFS_138,Homo_sapiens_shin2016,chr8,95801033,95801417,positive,19.7399,1,1,1,221,0.394489,277,56,1.5625,360,139,100.0000,0,1,1.5625,0,0.0000,39.0252,90.7109,51.7695,74.3813,92.0375,AF9:1.000;AF12:0.784
SHIN_REAL_POSITIVE_ZFS_139,Homo_sapiens_shin2016,chr2,122004810,122005194,positive,18.7919,0,0,0,314,0.394489,278,-36,1.8229,318,4,75.0000,118315,1,1.8229,0,0.0000,37.7278,40.8899,51.7695,74.3813,92.0375,AF9:1.000;AF12:0.877
SHIN_REAL_POSITIVE_ZFS_14,Homo_sapiens_shin2016,chr1,6721571,6721726,positive,59.1727,1,1,1,145,1.000000,31,-114,16.1458,51,-94,61.4754,37112,1,16.1458,1,16.1458,82.0135,40.8899,72.1517,57.4298,93.7840,AF4:0.813;AF6:0.154
SHIN_REAL_POSITIVE_ZFS_140,Homo_sapiens_shin2016,chr7,137862889,137863273,positive,17.9677,0,0,0,367,0.394489,279,-88,2.3438,231,-136,40.6250,67271,1,2.3438,0,0.0000,35.9440,27.2599,51.7695,74.3813,92.0375,AF9:1.000;AF12:1.000
SHIN_REAL_POSITIVE_ZFS_141,Homo_sapiens_shin2016,chr22,17799809,17799838,positive,62.8102,1,1,1,67,1.000000,32,-35,3.1250,174,107,68.1818,197,1,3.1250,1,3.1250,81.8101,77.0809,72.1517,50.1717,94.5330,AF4:0.846
SHIN_REAL_POSITIVE_ZFS_142,Homo_sapiens_shin2016,chr1,202932361,202932412,positive,62.1681,1,1,1,128,1.000000,33,-95,11.1979,116,-12,72.6190,11142,1,11.1979,1,11.1979,82.0255,25.4359,72.1517,49.8390,94.5680,AF4:0.846;AF6:0.154
SHIN_REAL_POSITIVE_ZFS_143,Homo_sapiens_shin2016,chr3,71715315,71715373,positive,63.1505,1,1,1,28,1.000000,34,6,7.0312,152,124,73.0769,456,1,7.0312,1,7.0312,82.0945,83.3245,72.1517,49.7321,94.5785,AF4:0.846
SHIN_REAL_POSITIVE_ZFS_144,Homo_sapiens_shin2016,chr3,51547522,51547530,positive,19.3698,1,1,1,254,0.394489,280,26,2.0833,273,19,78.5714,3105,1,2.0833,0,0.0000,37.9132,65.4813,51.7695,73.6686,92.1110,AF9:1.000;AF12:0.863
SHIN_REAL_POSITIVE_ZFS_145,Homo_sapiens_shin2016,chr16,1954465,1954849,positive,18.8775,0,0,0,308,0.394489,281,-27,1.8229,319,11,58.3333,0,1,1.8229,0,0.0000,36.8629,90.7109,51.7695,74.3813,92.0375,AF9:1.000;AF12:0.938
SHIN_REAL_POSITIVE_ZFS_146,Homo_sapiens_shin2016,chr15,73074765,73074796,positive,63.1612,1,1,1,27,1.000000,35,8,5.7292,161,134,100.0000,157,1,5.7292,1,5.7292,82.4079,90.7109,72.1517,50.1479,94.5365,AF4:0.846
SHIN_REAL_POSITIVE_ZFS_147,Homo_sapiens_shin2016,chr5,10643482,10643522,positive,62.0755,1,1,1,135,1.000000,36,-99,10.4167,123,-12,72.4359,148470,1,10.4167,1,10.4167,81.9180,27.2599,72.1517,50.0053,94.5505,AF4:0.846;AF6:0.154
SHIN_REAL_POSITIVE_ZFS_148,Homo_sapiens_shin2016,chr7,138675823,138675852,positive,21.0226,1,1,1,206,0.394489,282,76,3.1250,175,-31,50.0000,19321,1,3.1250,0,0.0000,37.6386,32.5670,51.7695,68.5843,92.6360,AF9:0.882;AF12:0.882
SHIN_REAL_POSITIVE_ZFS_149,Homo_sapiens_shin2016,chr1,77921499,77921883,positive,18.8015,0,0,0,312,0.394489,283,-29,1.8229,320,8,58.3333,569,1,1.8229,0,0.0000,36.8629,81.8878,51.7695,74.3813,92.0375,AF9:1.000;AF12:0.938
SHIN_REAL_POSITIVE_ZFS_15,Homo_sapiens_shin2016,chr5,88015363,88015471,positive,58.7314,1,1,1,153,1.000000,37,-116,19.5312,27,-126,63.1757,199308,1,19.5312,1,19.5312,82.0135,40.8899,72.1517,58.1544,93.7105,AF4:0.757;AF6:0.154;AF9:0.013
SHIN_REAL_POSITIVE_ZFS_150,Homo_sapiens_shin2016,chr1,143245325,143245343,positive,46.3951,1,1,1,188,1.000000,38,-150,2.6042,198,10,63.8889,398045,1,2.6042,1,2.6042,80.7162,13.6300,72.1517,73.2171,92.1565,AF9:0.154;AF6:0.136
SHIN_REAL_POSITIVE_ZFS_151,Homo_sapiens_shin2016,chr21,45353448,45353665,positive,63.5006,1,1,1,10,1.000000,39,29,19.5312,28,18,60.1351,34506,1,19.5312,1,19.5312,82.4079,40.8899,72.1517,47.2613,94.8340,AF4:0.846;AF6:0.154
SHIN_REAL_POSITIVE_ZFS_152,Homo_sapiens_shin2016,chr1,44003869,44003961,positive,62.7073,1,1,1,76,1.000000,40,-36,12.7604,97,21,66.6667,58065,1,12.7604,1,12.7604,82.4079,40.8899,72.1517,49.1976,94.6345,AF4:0.846;AF6:0.154
SHIN_REAL_POSITIVE_ZFS_153,Homo_sapiens_shin2016,chr6,26307112,26307121,positive,19.1570,1,1,1,276,0.394489,284,8,2.3438,232,-44,65.6250,378,1,2.3438,0,0.0000,37.2413,70.6861,51.7695,73.6448,92.1145,AF9:1.000;AF12:0.911
SHIN_REAL_POSITIVE_ZFS_154,Homo_sapiens_shin2016,chr12,30742735,30742797,positive,58.2998,1,1,1,155,1.000000,41,-114,16.1458,52,-103,63.5246,2718,1,16.1458,1,16.1458,81.7390,67.0957,72.1517,58.8672,93.6370,AF4:0.703;AF9:0.072
SHIN_REAL_POSITIVE_ZFS_155,Homo_sapiens_shin2016,chr12,119213833,119213843,positive,18.7491,0,0,0,319,0.394489,285,-34,2.6042,199,-120,52.7778,9511,1,2.6042,0,0.0000,36.8607,40.3618,51.7695,73.6329,92.1145,AF9:1.000;AF12:0.939
SHIN_REAL_POSITIVE_ZFS_156,Homo_sapiens_shin2016,chr6,40662967,40663059,positive,63.5506,1,1,1,9,1.000000,42,33,10.9375,120,111,78.1250,97,1,10.9375,1,6.5104,82.4079,90.7109,72.1517,49.1976,94.6345,AF4:0.846
SHIN_REAL_POSITIVE_ZFS_157,Homo_sapiens_shin2016,chr12,46785907,46786291,positive,19.5321,1,1,0,236,0.394489,286,50,1.5625,361,125,90.0000,22,1,1.5625,0,0.0000,38.5062,90.7109,51.7695,74.3813,92.0375,AF9:1.000;AF12:0.821
SHIN_REAL_POSITIVE_ZFS_158,Homo_sapiens_shin2016,chr2,233096693,233096712,positive,62.6347,1,1,1,82,1.000000,43,-39,2.6042,200,118,77.7778,2429,1,2.6042,1,2.6042,81.7120,68.3012,72.1517,50.3261,94.5190,AF4:0.846
SHIN_REAL_POSITIVE_ZFS_159,Homo_sapiens_shin2016,chr1,66196847,66196900,positive,62.1304,1,1,1,130,1.000000,44,-86,13.8021,83,-47,65.3846,166063,1,13.8021,1,13.8021,82.0452,13.6300,72.1517,49.8034,94.5715,AF4:0.846;AF6:0.136
SHIN_REAL_POSITIVE_ZFS_16,Homo_sapiens_shin2016,chr15,60424400,60424473,positive,62.7033,1,1,1,77,1.000000,45,-32,26.3538,13,-64,68.4028,179627,1,26.3538,1,26.3538,82.2413,40.8899,72.1517,49.0550,94.6485,AF4:0.846;AF6:0.154
SHIN_REAL_POSITIVE_ZFS_160,Homo_sapiens_shin2016,chr11,43290039,43290057,positive,62.8144,1,1,1,65,1.000000,46,-19,2.6042,201,136,77.7778,51,1,2.6042,1,2.6042,81.7022,90.7109,72.1517,50.3498,94.5155,AF4:0.846
SHIN_REAL_POSITIVE_ZFS_161,Homo_sapiens_shin2016,chr6,27306138,27306146,positive,18.6091,0,0,0,329,0.394489,287,-42,2.0833,274,-55,60.7143,17340,1,2.0833,0,0.0000,36.9865,34.1410,51.7695,73.9655,92.0795,AF9:1.000;AF12:0.930
SHIN_REAL_POSITIVE_ZFS_162,Homo_sapiens_shin2016,chr1,45985174,45985211,positive,62.7671,1,1,1,73,1.000000,47,-26,5.9896,160,87,78.4091,3696,1,5.9896,1,5.9896,81.8885,63.0159,72.1517,50.0529,94.5470,AF4:0.846
SHIN_REAL_POSITIVE_ZFS_163,Homo_sapiens_shin2016,chr13,40243132,40243516,positive,19.1181,0,0,0,283,0.394489,288,5,1.5625,362,79,70.0000,0,1,1.5625,0,0.0000,37.4683,90.7109,51.7695,74.3813,92.0375,AF9:1.000;AF12:0.895
SHIN_REAL_POSITIVE_ZFS_164,Homo_sapiens_shin2016,chr4,40627072,40627151,positive,62.3912,1,1,1,102,1.000000,48,-54,20.5729,24,-78,66.6667,180402,1,20.5729,1,20.5729,82.3000,13.6300,72.1517,49.3995,94.6135,AF4:0.846;AF6:0.136
SHIN_REAL_POSITIVE_ZFS_165,Homo_sapiens_shin2016,chr15,29184810,29184867,positive,58.1366,1,1,1,157,1.000000,49,-108,14.8438,68,-89,62.9464,3595,1,14.8438,1,14.8438,81.6902,63.4372,72.1517,58.9503,93.6300,AF4:0.696;AF9:0.079
SHIN_REAL_POSITIVE_ZFS_166,Homo_sapiens_shin2016,chr2,3601008,3601027,positive,62.5929,1,1,1,87,1.000000,50,-37,2.8646,182,95,75.0000,219,1,2.8646,1,2.8646,81.7120,63.4510,72.1517,50.3261,94.5190,AF4:0.846
SHIN_REAL_POSITIVE_ZFS_167,Homo_sapiens_shin2016,chr17,7938130,7938180,positive,62.3097,1,1,1,109,1.000000,51,-58,8.0729,145,36,68.3333,6385,1,8.0729,1,8.0729,82.0156,42.8457,72.1517,49.8509,94.5680,AF4:0.846;AF6:0.154
SHIN_REAL_POSITIVE_ZFS_168,Homo_sapiens_shin2016,chr7,44496655,44496665,positive,21.3359,1,1,1,203,0.394489,289,86,2.6042,202,-1,50.0000,105,1,2.6042,0,0.0000,37.4523,90.7109,51.7695,68.8813,92.6045,AF9:0.907;AF12:0.896
SHIN_REAL_POSITIVE_ZFS_169,Homo_sapiens_shin2016,chr8,96350891,96350908,positive,19.2090,1,1,1,269,0.394489,290,21,2.3438,233,-36,50.0000,287,1,2.3438,0,0.0000,36.9292,85.4730,51.7695,73.5260,92.1250,AF9:1.000;AF12:0.934
SHIN_REAL_POSITIVE_ZFS_17,Homo_sapiens_shin2016,chr19,46507979,46507997,positive,62.6969,1,1,1,78,1.000000,52,-26,2.6042,203,125,72.2222,46,1,2.6042,1,2.6042,81.7022,77.0809,72.1517,50.3498,94.5155,AF4:0.846
SHIN_REAL_POSITIVE_ZFS_171,Homo_sapiens_shin2016,chr7,38754169,38754211,positive,62.0972,1,1,1,133,1.000000,53,-80,8.5938,139,6,74.2188,116625,1,8.5938,1,8.5938,81.9372,27.2599,72.1517,49.9697,94.5540,AF4:0.846;AF6:0.154
SHIN_REAL_POSITIVE_ZFS_172,Homo_sapiens_shin2016,chr2,61097755,61097772,positive,19.5718,1,1,1,232,0.394489,291,59,2.3438,234,2,75.0000,59,1,2.3438,0,0.0000,37.7278,90.7109,51.7695,73.5260,92.1250,AF9:1.000;AF12:0.877
SHIN_REAL_POSITIVE_ZFS_173,Homo_sapiens_shin2016,chr5,43519457,43519466,positive,18.7139,0,0,0,321,0.394489,292,-29,2.3438,235,-86,62.5000,29554,1,2.3438,0,0.0000,37.0791,40.8899,51.7695,73.9418,92.0830,AF9:1.000;AF12:0.923
SHIN_REAL_POSITIVE_ZFS_174,Homo_sapiens_shin2016,chr1,18924893,18924992,positive,62.7510,1,1,1,75,1.000000,54,-21,13.0208,94,19,70.4082,94807,1,13.0208,1,13.0208,82.4079,40.8899,72.1517,49.0907,94.6450,AF4:0.846;AF6:0.154
SHIN_REAL_POSITIVE_ZFS_175,Homo_sapiens_shin2016,chr5,58370627,58371011,positive,18.7919,0,0,0,315,0.394489,293,-22,1.8229,321,6,75.0000,455932,1,1.8229,0,0.0000,37.7278,40.8899,51.7695,74.3813,92.0375,AF9:1.000;AF12:0.877
SHIN_REAL_POSITIVE_ZFS_176,Homo_sapiens_shin2016,chr22,38246364,38246377,positive,62.7670,1,1,1,74,1.000000,55,-19,3.3854,172,98,75.0000,137,1,3.3854,1,3.3854,81.6534,90.7109,72.1517,50.4211,94.5085,AF4:0.846
SHIN_REAL_POSITIVE_ZFS_177,Homo_sapiens_shin2016,chr3,48104029,48104115,positive,58.9321,1,1,1,148,1.000000,56,-92,22.3958,19,-129,63.5294,1599,1,22.3958,1,22.3958,81.9741,71.7636,72.1517,58.4989,93.6755,AF4:0.731;AF9:0.042
SHIN_REAL_POSITIVE_ZFS_178,Homo_sapiens_shin2016,chr3,41215705,41216089,positive,19.7399,1,1,1,222,0.394489,294,72,1.5625,363,141,100.0000,0,1,1.5625,0,0.0000,39.0252,90.7109,51.7695,74.3813,92.0375,AF9:1.000;AF12:0.784
SHIN_REAL_POSITIVE_ZFS_179,Homo_sapiens_shin2016,chr9,107046308,107046326,positive,19.9081,1,1,1,214,0.394489,295,81,2.3438,236,22,93.7500,397,1,2.3438,0,0.0000,38.7008,84.0745,51.7695,73.5141,92.1285,AF9:1.000;AF12:0.807
SHIN_REAL_POSITIVE_ZFS_18,Homo_sapiens_shin2016,chr1,213157017,213157168,positive,63.0820,1,1,1,37,1.000000,57,20,10.9375,121,84,65.8537,88339,1,10.9375,1,10.9375,82.4079,40.8899,72.1517,48.2829,94.7290,AF4:0.846;AF6:0.154
SHIN_REAL_POSITIVE_ZFS_180,Homo_sapiens_shin2016,chr16,79668383,79668767,positive,19.3248,1,1,0,258,0.394489,296,38,1.5625,364,106,80.0000,11,1,1.5625,0,0.0000,37.9873,90.7109,51.7695,74.3813,92.0375,AF9:1.000;AF12:0.858
SHIN_REAL_POSITIVE_ZFS_181,Homo_sapiens_shin2016,chr21,33065963,33065975,positive,44.5340,1,1,1,190,1.000000,58,-132,3.1250,176,-14,84.0909,64,1,3.1250,1,3.1250,81.5823,90.7109,72.1517,73.0033,92.1775,AF9:0.154
SHIN_REAL_POSITIVE_ZFS_182,Homo_sapiens_shin2016,chr18,6422004,6422098,positive,62.7981,1,1,1,69,1.000000,59,-10,21.6146,21,-48,65.8537,17095,1,21.6146,1,21.6146,82.4079,47.9657,72.1517,49.1738,94.6380,AF4:0.846;AF6:0.145
SHIN_REAL_POSITIVE_ZFS_183,Homo_sapiens_shin2016,chr19,632331,632348,positive,19.0945,0,0,0,289,0.394489,297,8,2.3438,237,-52,65.6250,4943,1,2.3438,0,0.0000,37.2413,57.8139,51.7695,73.5260,92.1250,AF9:1.000;AF12:0.911
SHIN_REAL_POSITIVE_ZFS_184,Homo_sapiens_shin2016,chr1,181707627,181707644,positive,19.1799,1,1,1,271,0.394489,298,27,2.3438,238,-33,65.6250,612,1,2.3438,0,0.0000,37.2413,67.7112,51.7695,73.5260,92.1250,AF9:1.000;AF12:0.911
SHIN_REAL_POSITIVE_ZFS_186,Homo_sapiens_shin2016,chr1,70316869,70316938,positive,57.8039,1,1,1,165,1.000000,60,-105,17.9688,36,-129,62.8676,126924,1,17.9688,1,17.9688,81.8075,27.2599,72.1517,58.7603,93.6475,AF4:0.711;AF6:0.154;AF9:0.063
SHIN_REAL_POSITIVE_ZFS_187,Homo_sapiens_shin2016,chr1,68071618,68072002,positive,19.7399,1,1,1,223,0.394489,299,76,1.5625,365,142,100.0000,0,1,1.5625,0,0.0000,39.0252,90.7109,51.7695,74.3813,92.0375,AF9:1.000;AF12:0.784
SHIN_REAL_POSITIVE_ZFS_188,Homo_sapiens_shin2016,chr6,27222836,27223220,positive,19.7399,1,1,1,224,0.394489,300,76,1.5625,366,142,100.0000,0,1,1.5625,0,0.0000,39.0252,90.7109,51.7695,74.3813,92.0375,AF9:1.000;AF12:0.784
SHIN_REAL_POSITIVE_ZFS_189,Homo_sapiens_shin2016,chr1,247166994,247167378,positive,19.4492,1,0,1,245,0.394489,301,56,1.8229,322,77,91.6667,0,1,1.8229,0,0.0000,38.5927,77.0809,51.7695,74.3813,92.0375,AF9:1.000;AF12:0.815
SHIN_REAL_POSITIVE_ZFS_19,Homo_sapiens_shin2016,chr1,107919007,107919074,positive,62.4567,1,1,1,99,1.000000,61,-38,21.9672,20,-79,69.6970,389993,1,21.9672,1,21.9672,82.1827,27.2599,72.1517,49.3164,94.6205,AF4:0.846;AF6:0.154
SHIN_REAL_POSITIVE_ZFS_190,Homo_sapiens_shin2016,chr20,56659442,56659826,positive,-1.0000,0,0,0,382,0.000000,382,0,0.0000,382,0,0.0000,0,0,0.0000,0,0.0000,0.3633,90.7109,3.6765,71.5895,92.0375,
SHIN_REAL_POSITIVE_ZFS_191,Homo_sapiens_shin2016,chr10,101978545,101978626,positive,63.3534,1,1,1,14,1.000000,62,48,13.2812,91,77,68.0000,707,1,13.2812,1,13.2812,82.3197,80.1334,72.1517,49.3758,94.6170,AF4:0.846
SHIN_REAL_POSITIVE_ZFS_192,Homo_sapiens_shin2016,chr11,69984163,69984212,positive,62.0914,1,1,1,134,1.000000,63,-71,12.7604,98,-36,66.6667,38294,1,12.7604,1,12.7604,82.0063,13.6300,72.1517,49.8628,94.5645,AF4:0.846;AF6:0.136
SHIN_REAL_POSITIVE_ZFS_193,Homo_sapiens_shin2016,chr19,48772177,48772254,positive,58.7852,1,1,1,152,1.000000,64,-88,13.0208,95,-57,63.2653,623,1,13.0208,1,13.0208,81.8859,81.2013,72.1517,58.6415,93.6615,AF4:0.720;AF9:0.053
SHIN_REAL_POSITIVE_ZFS_194,Homo_sapiens_shin2016,chr6,26128606,26128990,positive,18.9643,0,0,0,304,0.394489,302,-2,1.8229,323,19,83.3333,24601,1,1.8229,0,0.0000,38.1603,40.8899,51.7695,74.3813,92.0375,AF9:1.000;AF12:0.846
SHIN_REAL_POSITIVE_ZFS_195,Homo_sapiens_shin2016,chr1,146607964,146607974,positive,46.3173,1,1,1,189,1.000000,65,-124,2.6042,204,15,63.8889,105700,1,2.6042,1,2.6042,80.6378,13.6300,72.1517,73.3359,92.1460,AF9:0.154;AF6:0.136
SHIN_REAL_POSITIVE_ZFS_196,Homo_sapiens_shin2016,chr6,10518124,10518144,positive,62.5250,1,1,1,89,1.000000,66,-23,2.8646,183,94,65.0000,2448,1,2.8646,1,2.8646,81.7219,54.5920,72.1517,50.3142,94.5190,AF4:0.846
SHIN_REAL_POSITIVE_ZFS_197,Homo_sapiens_shin2016,chr8,146248537,146248545,positive,19.0968,0,0,0,288,0.394489,303,15,2.0833,275,-13,60.7143,84,1,2.0833,0,0.0000,36.9865,90.7109,51.7695,73.9655,92.0795,AF9:1.000;AF12:0.930
SHIN_REAL_POSITIVE_ZFS_198,Homo_sapiens_shin2016,chr5,138657857,138657877,positive,62.8088,1,1,1,68,1.000000,67,-1,5.2083,164,96,89.4737,604,1,5.2083,1,5.2083,81.8617,81.4429,72.1517,50.3142,94.5190,AF4:0.846
SHIN_REAL_POSITIVE_ZFS_199,Homo_sapiens_shin2016,chr8,81567804,81567857,positive,57.4588,1,1,1,181,1.000000,68,-113,13.8021,84,-97,63.4615,6802,1,13.8021,1,13.8021,81.6508,28.8844,72.1517,59.0097,93.6230,AF4:0.692;AF6:0.154;AF9:0.084
SHIN_REAL_POSITIVE_ZFS_2,Homo_sapiens_shin2016,chr5,57791466,57791475,positive,19.7821,1,1,1,216,0.394489,304,88,2.3438,239,23,87.5000,194,1,2.3438,0,0.0000,38.3765,90.7109,51.7695,73.6448,92.1145,AF9:1.000;AF12:0.830
SHIN_REAL_POSITIVE_ZFS_20,Homo_sapiens_shin2016,chr11,28088198,28088582,positive,19.3989,1,1,1,248,0.394489,305,57,1.8229,324,76,91.6667,1722,1,1.8229,0,0.0000,38.5927,71.2505,51.7695,74.3813,92.0375,AF9:1.000;AF12:0.815
SHIN_REAL_POSITIVE_ZFS_200,Homo_sapiens_shin2016,chr13,20989756,20989808,positive,62.1973,1,1,1,122,1.000000,69,-53,13.5417,87,-35,67.6471,58248,1,13.5417,1,13.5417,82.0353,27.2599,72.1517,49.8153,94.5715,AF4:0.846;AF6:0.154
SHIN_REAL_POSITIVE_ZFS_201,Homo_sapiens_shin2016,chr19,13124876,13124892,positive,19.1028,0,0,0,286,0.394489,306,20,2.0833,276,-10,67.8571,2595,1,2.0833,0,0.0000,37.3571,53.9788,51.7695,73.5379,92.1250,AF9:1.000;AF12:0.903
SHIN_REAL_POSITIVE_ZFS_202,Homo_sapiens_shin2016,chr9,69885660,69885742,positive,62.4970,1,1,1,93,1.000000,70,-23,10.1562,126,33,78.9474,155633,1,10.1562,1,10.1562,82.3296,27.2599,72.1517,49.3520,94.6170,AF4:0.846;AF6:0.154
SHIN_REAL_POSITIVE_ZFS_203,Homo_sapiens_shin2016,chr19,12763234,12763250,positive,19.4932,1,1,1,241,0.394489,307,66,2.0833,277,36,71.4286,59,1,2.0833,0,0.0000,37.5425,90.7109,51.7695,73.5379,92.1250,AF9:1.000;AF12:0.890
SHIN_REAL_POSITIVE_ZFS_204,Homo_sapiens_shin2016,chr1,64013342,64013380,positive,63.1437,1,1,1,31,1.000000,71,40,20.9945,23,-8,74.3243,1041,1,20.9945,1,20.9945,81.8983,74.0914,72.1517,49.3758,94.6170,AF4:0.846
SHIN_REAL_POSITIVE_ZFS_205,Homo_sapiens_shin2016,chr4,4594510,4594894,positive,19.0493,0,0,0,296,0.394489,308,12,1.8229,325,29,66.6667,0,1,1.8229,0,0.0000,37.2954,90.7109,51.7695,74.3813,92.0375,AF9:1.000;AF12:0.907
SHIN_REAL_POSITIVE_ZFS_206,Homo_sapiens_shin2016,chr7,138468783,138469167,positive,19.1181,0,0,0,284,0.394489,309,25,1.5625,367,83,70.0000,0,1,1.5625,0,0.0000,37.4683,90.7109,51.7695,74.3813,92.0375,AF9:1.000;AF12:0.895
SHIN_REAL_POSITIVE_ZFS_207,Homo_sapiens_shin2016,chr11,118471197,118471217,positive,63.0930,1,1,1,34,1.000000,72,38,2.8646,184,150,100.0000,151,1,2.8646,1,2.8646,82.4079,90.7109,72.1517,50.3142,94.5190,AF4:0.846
SHIN_REAL_POSITIVE_ZFS_208,Homo_sapiens_shin2016,chr20,26137857,26137882,positive,19.2297,1,1,1,266,0.394489,310,44,2.8754,180,-86,75.0000,95181,1,2.8754,0,0.0000,37.7278,40.8899,51.7695,73.3122,92.1460,AF9:1.000;AF12:0.877
SHIN_REAL_POSITIVE_ZFS_209,Homo_sapiens_shin2016,chr7,91601752,91601761,positive,19.7821,1,1,1,217,0.394489,311,94,2.3438,240,23,87.5000,184,1,2.3438,0,0.0000,38.3765,90.7109,51.7695,73.6448,92.1145,AF9:1.000;AF12:0.830
SHIN_REAL_POSITIVE_ZFS_21,Homo_sapiens_shin2016,chr2,200528405,200528789,positive,19.2214,1,0,0,268,0.394489,312,44,1.8229,326,58,75.0000,0,1,1.8229,0,0.0000,37.7278,90.7109,51.7695,74.3813,92.0375,AF9:1.000;AF12:0.877
SHIN_REAL_POSITIVE_ZFS_210,Homo_sapiens_shin2016,chr10,54669081,54669148,positive,62.3451,1,1,1,104,1.000000,73,-31,15.3646,61,-43,67.2414,467616,1,15.3646,1,15.3646,82.1827,27.2599,72.1517,49.5896,94.5960,AF4:0.846;AF6:0.154
SHIN_REAL_POSITIVE_ZFS_211,Homo_sapiens_shin2016,chr1,148125086,148125094,positive,19.5134,1,1,1,239,0.394489,313,74,2.0833,278,39,75.0000,15,1,2.0833,0,0.0000,37.7278,90.7109,51.7695,73.6686,92.1110,AF9:1.000;AF12:0.877
SHIN_REAL_POSITIVE_ZFS_212,Homo_sapiens_shin2016,chrX,39824953,39825063,positive,58.9225,1,1,1,149,1.000000,74,-75,15.3646,62,-87,63.3621,16538,1,15.3646,1,15.3646,82.0135,48.4082,72.1517,58.1307,93.7140,AF4:0.759;AF6:0.114;AF9:0.011
SHIN_REAL_POSITIVE_ZFS_213,Homo_sapiens_shin2016,chrX,21767435,21767444,positive,19.9242,1,1,1,213,0.394489,314,101,2.3438,241,28,100.0000,225,1,2.3438,0,0.0000,39.0252,77.0809,51.7695,73.6448,92.1145,AF9:1.000;AF12:0.784
SHIN_REAL_POSITIVE_ZFS_214,Homo_sapiens_shin2016,chrX,39898970,39899008,positive,62.1758,1,1,1,125,1.000000,75,-50,9.8958,129,4,75.6757,22517,1,9.8958,1,9.8958,81.8983,40.8899,72.1517,50.0291,94.5470,AF4:0.846;AF6:0.154
SHIN_REAL_POSITIVE_ZFS_215,Homo_sapiens_shin2016,chr9,113401770,113401862,positive,59.0057,1,1,1,147,1.000000,76,-71,14.3229,74,-73,64.8148,54,1,14.3229,1,14.3229,82.0135,63.4510,72.1517,58.4039,93.6860,AF4:0.738;AF9:0.034
SHIN_REAL_POSITIVE_ZFS_216,Homo_sapiens_shin2016,chr2,216587920,216588024,positive,63.4698,1,1,1,11,1.000000,77,66,10.1562,127,116,71.7105,1330,1,10.1562,1,10.1562,82.4079,72.8858,72.1517,49.0194,94.6520,AF4:0.846
SHIN_REAL_POSITIVE_ZFS_217,Homo_sapiens_shin2016,chr9,72938582,72938654,positive,57.9667,1,1,1,159,1.000000,78,-81,16.4062,47,-112,62.9032,12249,1,16.4062,1,16.4062,81.8371,38.1862,72.1517,58.7127,93.6545,AF4:0.714;AF6:0.154;AF9:0.059
SHIN_REAL_POSITIVE_ZFS_218,Homo_sapiens_shin2016,chr14,102908113,102908343,positive,59.6343,1,1,1,144,1.000000,79,-65,43.7500,6,-138,63.3234,13180,1,43.7500,1,43.7500,82.0135,37.4465,72.1517,56.2656,93.9065,AF4:0.846;AF6:0.154
SHIN_REAL_POSITIVE_ZFS_219,Homo_sapiens_shin2016,chr22,22737430,22737550,positive,63.8086,1,1,1,4,1.000000,80,76,31.7003,10,6,67.4312,214,1,31.7003,1,31.7003,82.4079,90.7109,72.1517,48.5680,94.7010,AF4:0.846
SHIN_REAL_POSITIVE_ZFS_22,Homo_sapiens_shin2016,chr3,116884492,116884568,positive,57.9587,1,1,1,160,1.000000,81,-79,19.7917,26,-134,63.3333,59323,1,19.7917,1,19.7917,81.8765,27.2599,72.1517,58.6533,93.6580,AF4:0.719;AF6:0.154;AF9:0.054
SHIN_REAL_POSITIVE_ZFS_220,Homo_sapiens_shin2016,chr13,72534770,72534833,positive,63.0227,1,1,1,46,1.000000,82,36,9.6354,130,84,73.6111,3840,1,9.6354,1,9.6354,82.1433,62.4152,72.1517,49.6490,94.5890,AF4:0.846
SHIN_REAL_POSITIVE_ZFS_221,Homo_sapiens_shin2016,chr7,98475773,98475814,positive,62.4156,1,1,1,101,1.000000,83,-18,19.3396,30,-71,70.0000,27050,1,19.3396,1,19.3396,81.9274,40.8899,72.1517,49.4708,94.6065,AF4:0.846;AF6:0.154
SHIN_REAL_POSITIVE_ZFS_222,Homo_sapiens_shin2016,chr8,100005089,100005141,positive,62.1219,1,1,1,132,1.000000,84,-48,13.5417,88,-44,72.5490,20704,1,13.5417,1,13.5417,82.0353,13.6300,72.1517,49.8153,94.5715,AF4:0.846;AF6:0.136
SHIN_REAL_POSITIVE_ZFS_223,Homo_sapiens_shin2016,chrX,24300017,24300147,positive,62.9457,1,1,1,56,1.000000,85,29,13.5417,89,33,66.6667,93327,1,13.5417,1,13.5417,82.4079,40.8899,72.1517,48.6155,94.6940,AF4:0.846;AF6:0.154
SHIN_REAL_POSITIVE_ZFS_224,Homo_sapiens_shin2016,chrX,39758431,39758508,positive,62.5622,1,1,1,88,1.000000,86,-2,15.3646,63,-25,65.5172,83093,1,15.3646,1,15.3646,82.2803,40.8899,72.1517,49.4351,94.6100,AF4:0.846;AF6:0.154
SHIN_REAL_POSITIVE_ZFS_225,Homo_sapiens_shin2016,chr2,233058727,233058761,positive,19.4359,1,1,1,247,0.394489,315,68,2.3438,242,-5,71.8750,2020,1,2.3438,0,0.0000,37.5656,70.0074,51.7695,73.2647,92.1530,AF9:1.000;AF12:0.888
SHIN_REAL_POSITIVE_ZFS_226,Homo_sapiens_shin2016,chr21,39607380,39607405,positive,19.7666,1,1,1,218,0.394489,316,98,2.3438,243,25,87.5000,20,1,2.3438,0,0.0000,38.3765,77.0809,51.7695,73.3953,92.1390,AF9:1.000;AF12:0.830
SHIN_REAL_POSITIVE_ZFS_227,Homo_sapiens_shin2016,chr14,66762190,66762258,positive,57.8578,1,1,1,163,1.000000,87,-76,17.7083,38,-125,64.9254,15515,1,17.7083,1,17.7083,81.7976,35.5911,72.1517,58.7721,93.6475,AF4:0.710;AF6:0.154;AF9:0.064
SHIN_REAL_POSITIVE_ZFS_228,Homo_sapiens_shin2016,chr6,27829022,27829406,positive,18.7919,0,0,0,316,0.394489,317,1,1.8229,327,11,75.0000,54282,1,1.8229,0,0.0000,37.7278,40.8899,51.7695,74.3813,92.0375,AF9:1.000;AF12:0.877
SHIN_REAL_POSITIVE_ZFS_229,Homo_sapiens_shin2016,chr2,85620174,85620190,positive,19.9679,1,1,1,211,0.394489,318,107,2.0833,279,68,100.0000,85,1,2.0833,0,0.0000,39.0252,77.0809,51.7695,73.5379,92.1250,AF9:1.000;AF12:0.784
SHIN_REAL_POSITIVE_ZFS_23,Homo_sapiens_shin2016,chr17,38793886,38793904,positive,19.0944,0,0,0,290,0.394489,319,29,2.3438,244,-46,78.1250,28191,1,2.3438,0,0.0000,37.8900,27.2599,51.7695,73.5141,92.1285,AF9:1.000;AF12:0.865
SHIN_REAL_POSITIVE_ZFS_230,Homo_sapiens_shin2016,chr1,63761390,63761407,positive,19.4543,1,1,1,244,0.394489,320,76,2.3438,245,1,75.0000,45,1,2.3438,0,0.0000,37.7278,77.0809,51.7695,73.5260,92.1250,AF9:1.000;AF12:0.877
SHIN_REAL_POSITIVE_ZFS_231,Homo_sapiens_shin2016,chr5,117077181,117077565,positive,17.9340,0,0,0,369,0.394489,321,-48,2.6042,205,-164,38.8889,1138732,1,2.6042,0,0.0000,35.8539,27.2599,51.7695,74.3813,92.0375,AF9:1.000;AF12:1.000
SHIN_REAL_POSITIVE_ZFS_232,Homo_sapiens_shin2016,chr7,6490184,6490199,positive,62.8288,1,1,1,63,1.000000,88,25,3.9062,169,106,100.0000,174,1,3.9062,1,3.9062,82.4079,63.4510,72.1517,50.3855,94.5120,AF4:0.846
SHIN_REAL_POSITIVE_ZFS_233,Homo_sapiens_shin2016,chr12,105275456,105275465,positive,19.3941,1,1,1,250,0.394489,322,72,2.3438,246,-4,68.7500,153,1,2.3438,0,0.0000,37.4035,90.7109,51.7695,73.6448,92.1145,AF9:1.000;AF12:0.900
SHIN_REAL_POSITIVE_ZFS_234,Homo_sapiens_shin2016,chr6,64341046,64341074,positive,62.6608,1,1,1,80,1.000000,89,9,2.6042,206,126,88.8889,1168,1,2.6042,1,2.6042,81.8313,59.9316,72.1517,50.1954,94.5330,AF4:0.846
SHIN_REAL_POSITIVE_ZFS_235,Homo_sapiens_shin2016,chr12,1159519,1159608,positive,58.1705,1,1,1,156,1.000000,90,-66,17.7083,39,-117,60.8209,188845,1,17.7083,1,17.7083,82.0037,13.6300,72.1517,58.4514,93.6790,AF4:0.735;AF6:0.136;AF9:0.038
SHIN_REAL_POSITIVE_ZFS_236,Homo_sapiens_shin2016,chr1,61295148,61295232,positive,62.8166,1,1,1,64,1.000000,91,27,14.6853,71,7,74.3902,25335,1,14.6853,1,14.6853,82.3493,40.8899,72.1517,48.8768,94.6660,AF4:0.846;AF6:0.154
SHIN_REAL_POSITIVE_ZFS_237,Homo_sapiens_shin2016,chr9,107163951,107164007,positive,57.5129,1,1,1,179,1.000000,92,-87,12.5000,103,-76,64.8936,86138,1,12.5000,1,12.5000,81.6804,27.2599,72.1517,58.9622,93.6265,AF4:0.695;AF6:0.154;AF9:0.080
SHIN_REAL_POSITIVE_ZFS_238,Homo_sapiens_shin2016,chr9,80618512,80618571,positive,62.2667,1,1,1,113,1.000000,93,-20,15.3646,64,-49,69.3966,516634,1,15.3646,1,15.3646,82.1038,27.2599,72.1517,49.7084,94.5820,AF4:0.846;AF6:0.154
SHIN_REAL_POSITIVE_ZFS_239,Homo_sapiens_shin2016,chr6,41545730,41545793,positive,62.3059,1,1,1,110,1.000000,94,-16,13.2812,92,-18,68.0000,76348,1,13.2812,1,13.2812,82.1433,27.2599,72.1517,49.6490,94.5890,AF4:0.846;AF6:0.154
SHIN_REAL_POSITIVE_ZFS_24,Homo_sapiens_shin2016,chr7,28566779,28567024,positive,63.2086,1,1,1,20,1.000000,95,75,23.4545,15,-5,67.5781,125021,1,23.4545,1,23.4545,82.4079,40.8899,72.1517,47.9740,94.7605,AF4:0.846;AF6:0.154
SHIN_REAL_POSITIVE_ZFS_240,Homo_sapiens_shin2016,chr12,123977670,123977678,positive,18.6447,0,0,0,324,0.394489,323,-1,2.0833,280,-44,60.7143,12141,1,2.0833,0,0.0000,36.9865,38.2721,51.7695,73.9655,92.0795,AF9:1.000;AF12:0.930
SHIN_REAL_POSITIVE_ZFS_241,Homo_sapiens_shin2016,chr15,35180662,35180738,positive,63.3972,1,1,1,12,1.000000,96,84,14.0625,78,66,62.2642,0,1,14.0625,1,14.0625,82.2709,90.7109,72.1517,49.4470,94.6100,AF4:0.846
SHIN_REAL_POSITIVE_ZFS_242,Homo_sapiens_shin2016,chr11,73176389,73176399,positive,62.5015,1,1,1,91,1.000000,97,6,2.6042,207,116,77.7778,172,1,2.6042,1,2.6042,81.6238,63.4510,72.1517,50.4686,94.5050,AF4:0.846
SHIN_REAL_POSITIVE_ZFS_243,Homo_sapiens_shin2016,chr5,169464288,169464424,positive,63.5760,1,1,1,6,1.000000,98,92,17.4142,41,35,66.5385,1070,1,17.4142,1,17.4142,82.4079,60.3404,72.1517,48.4967,94.7080,AF4:0.846
SHIN_REAL_POSITIVE_ZFS_244,Homo_sapiens_shin2016,chr12,12311182,12311200,positive,62.8144,1,1,1,66,1.000000,99,33,2.6042,208,142,72.2222,105,1,2.6042,1,2.6042,81.7022,90.7109,72.1517,50.3498,94.5155,AF4:0.846
SHIN_REAL_POSITIVE_ZFS_245,Homo_sapiens_shin2016,chr5,92950070,92950148,positive,62.4827,1,1,1,95,1.000000,100,5,9.6354,131,36,72.2222,5272,1,9.6354,1,9.6354,82.2901,30.1001,72.1517,49.4114,94.6135,AF4:0.846;AF6:0.154
SHIN_REAL_POSITIVE_ZFS_246,Homo_sapiens_shin2016,chr2,55500386,55500394,positive,20.0319,1,1,1,210,0.394489,324,114,2.0833,281,71,100.0000,72,1,2.0833,0,0.0000,39.0252,90.7109,51.7695,73.6686,92.1110,AF9:1.000;AF12:0.784
SHIN_REAL_POSITIVE_ZFS_247,Homo_sapiens_shin2016,chr1,113637319,113637374,positive,62.2278,1,1,1,118,1.000000,101,-17,14.3229,75,-43,67.1296,97623,1,14.3229,1,14.3229,82.0649,27.2599,72.1517,49.7678,94.5750,AF4:0.846;AF6:0.154
SHIN_REAL_POSITIVE_ZFS_248,Homo_sapiens_shin2016,chr17,8030781,8030799,positive,62.0280,1,1,1,137,1.000000,102,-35,2.6042,209,72,72.2222,4150,1,2.6042,1,2.6042,81.7022,47.4920,72.1517,50.3498,94.5155,AF4:0.846;AF6:0.154
SHIN_REAL_POSITIVE_ZFS_249,Homo_sapiens_shin2016,chr7,1576081,1576090,positive,19.6526,1,1,1,227,0.394489,325,98,2.3438,247,20,81.2500,64,1,2.3438,0,0.0000,38.0522,90.7109,51.7695,73.6448,92.1145,AF9:1.000;AF12:0.853
SHIN_REAL_POSITIVE_ZFS_25,Homo_sapiens_shin2016,chr11,117812062,117812446,positive,18.5338,0,0,0,335,0.394489,326,-9,1.8229,328,-7,62.5000,34749,1,1.8229,0,0.0000,37.0791,40.8899,51.7695,74.3813,92.0375,AF9:1.000;AF12:0.923
SHIN_REAL_POSITIVE_ZFS_250,Homo_sapiens_shin2016,chr7,141084362,141084378,positive,19.5980,1,1,1,231,0.394489,327,96,2.0833,282,51,78.5714,266,1,2.0833,0,0.0000,37.9132,85.7400,51.7695,73.5379,92.1250,AF9:1.000;AF12:0.863
SHIN_REAL_POSITIVE_ZFS_251,Homo_sapiens_shin2016,chrX,13215158,13215214,positive,62.2365,1,1,1,117,1.000000,103,-14,11.4583,113,-4,87.5000,32777,1,11.4583,1,4.4271,82.0748,27.2599,72.1517,49.7559,94.5785,AF4:0.846;AF6:0.154
SHIN_REAL_POSITIVE_ZFS_252,Homo_sapiens_shin2016,chr12,42181361,42181410,positive,62.2843,1,1,1,112,1.000000,104,-8,12.7604,99,-13,68.7500,50580,1,12.7604,1,12.7604,82.0063,40.8899,72.1517,49.8628,94.5645,AF4:0.846;AF6:0.154
SHIN_REAL_POSITIVE_ZFS_253,Homo_sapiens_shin2016,chr5,29493028,29493127,positive,62.6335,1,1,1,83,1.000000,105,22,16.6667,44,-39,68.2540,1736425,1,16.6667,1,16.6667,82.4079,27.2599,72.1517,49.0907,94.6450,AF4:0.846;AF6:0.154
SHIN_REAL_POSITIVE_ZFS_254,Homo_sapiens_shin2016,chr5,36451397,36451444,positive,57.2180,1,1,1,184,1.000000,106,-78,12.2396,105,-79,62.5000,113637,1,12.2396,1,12.2396,81.5921,13.6300,72.1517,59.1048,93.6125,AF4:0.684;AF6:0.136;AF9:0.092
SHIN_REAL_POSITIVE_ZFS_255,Homo_sapiens_shin2016,chr1,54478181,54478283,positive,62.7704,1,1,1,72,1.000000,107,35,19.5312,29,-43,68.2432,39754,1,19.5312,1,19.5312,82.4079,40.8899,72.1517,49.0431,94.6485,AF4:0.846;AF6:0.154
SHIN_REAL_POSITIVE_ZFS_256,Homo_sapiens_shin2016,chr5,71835476,71835565,positive,58.8246,1,1,1,151,1.000000,108,-43,23.1771,17,-134,62.2159,3439,1,23.1771,1,23.1771,82.0037,50.4580,72.1517,58.4514,93.6790,AF4:0.735;AF9:0.038
SHIN_REAL_POSITIVE_ZFS_257,Homo_sapiens_shin2016,chr10,101055509,101055570,positive,62.2085,1,1,1,120,1.000000,109,-11,15.8854,56,-64,65.0000,23275,1,15.8854,1,15.8854,82.1235,13.6300,72.1517,49.6846,94.5855,AF4:0.846;AF6:0.136
SHIN_REAL_POSITIVE_ZFS_258,Homo_sapiens_shin2016,chr12,119122917,119122926,positive,19.4580,1,1,1,243,0.394489,328,85,2.3438,248,5,75.0000,470,1,2.3438,0,0.0000,37.7278,83.1465,51.7695,73.6448,92.1145,AF9:1.000;AF12:0.877
SHIN_REAL_POSITIVE_ZFS_259,Homo_sapiens_shin2016,chrX,47226788,47226825,positive,63.0058,1,1,1,49,1.000000,110,61,7.2917,149,100,75.9259,102,1,7.2917,1,7.2917,81.8885,90.7109,72.1517,50.0529,94.5470,AF4:0.846
SHIN_REAL_POSITIVE_ZFS_26,Homo_sapiens_shin2016,chr3,129024275,129024347,positive,63.1837,1,1,1,22,1.000000,111,89,7.2917,150,128,85.1852,393,1,7.2917,1,7.2917,82.2315,70.4954,72.1517,49.5064,94.6030,AF4:0.846
SHIN_REAL_POSITIVE_ZFS_260,Homo_sapiens_shin2016,chr16,48954861,48954904,positive,62.2469,1,1,1,115,1.000000,112,-3,11.1979,117,2,70.2381,5425,1,11.1979,1,11.1979,81.9471,43.6085,72.1517,49.9578,94.5575,AF4:0.846;AF6:0.154
SHIN_REAL_POSITIVE_ZFS_261,Homo_sapiens_shin2016,chr17,11376339,11376403,positive,62.3143,1,1,1,108,1.000000,113,5,11.9792,106,-2,68.3333,66069,1,11.9792,1,11.9792,82.1531,27.2599,72.1517,49.6371,94.5890,AF4:0.846;AF6:0.154
SHIN_REAL_POSITIVE_ZFS_262,Homo_sapiens_shin2016,chr1,222760399,222760449,positive,62.1754,1,1,1,126,1.000000,114,-12,13.0208,96,-30,70.9184,71776,1,13.0208,1,13.0208,82.0156,27.2599,72.1517,49.8509,94.5680,AF4:0.846;AF6:0.154
SHIN_REAL_POSITIVE_ZFS_263,Homo_sapiens_shin2016,chr1,178467124,178467161,positive,62.9387,1,1,1,58,1.000000,115,57,6.2500,157,99,100.0000,1060,1,6.2500,1,6.2500,82.4079,60.3821,72.1517,50.0529,94.5470,AF4:0.846
SHIN_REAL_POSITIVE_ZFS_264,Homo_sapiens_shin2016,chr10,99428361,99428487,positive,21.9334,1,1,1,201,0.394489,329,128,30.7292,11,-190,50.0000,8521,1,30.7292,0,0.0000,38.2364,41.1485,51.7695,67.0875,92.7900,AF9:0.757;AF12:0.757
SHIN_REAL_POSITIVE_ZFS_266,Homo_sapiens_shin2016,chr1,65305986,65306031,positive,62.1279,1,1,1,131,1.000000,116,-15,6.5104,154,23,69.7368,79788,1,6.5104,1,5.2083,81.9668,27.2599,72.1517,49.9222,94.5610,AF4:0.846;AF6:0.154
SHIN_REAL_POSITIVE_ZFS_267,Homo_sapiens_shin2016,chr15,88238079,88238463,positive,19.3248,1,0,0,259,0.394489,330,71,1.5625,368,109,80.0000,0,1,1.5625,0,0.0000,37.9873,90.7109,51.7695,74.3813,92.0375,AF9:1.000;AF12:0.858
SHIN_REAL_POSITIVE_ZFS_268,Homo_sapiens_shin2016,chr1,88650441,88650518,positive,57.9768,1,1,1,158,1.000000,117,-41,17.9688,37,-121,63.6029,271974,1,17.9688,1,17.9688,81.8859,27.2599,72.1517,58.6415,93.6615,AF4:0.720;AF6:0.154;AF9:0.053
SHIN_REAL_POSITIVE_ZFS_269,Homo_sapiens_shin2016,chr2,42891044,42891063,positive,47.1658,1,1,1,185,1.000000,118,-67,2.6042,210,25,75.0000,17807,1,2.6042,1,2.6042,81.1204,47.3999,72.1517,72.8964,92.1915,AF6:0.154;AF9:0.154
SHIN_REAL_POSITIVE_ZFS_27,Homo_sapiens_shin2016,chr10,122600539,122600923,positive,-1.0000,0,0,0,383,0.000000,383,0,0.0000,383,0,0.0000,0,0,0.0000,0,0.0000,0.3633,90.7109,3.6765,71.5895,92.0375,
SHIN_REAL_POSITIVE_ZFS_270,Homo_sapiens_shin2016,chr10,106337096,106337169,positive,57.8904,1,1,1,162,1.000000,119,-43,19.0104,33,-129,62.1528,233584,1,19.0104,1,19.0104,81.8469,27.2599,72.1517,58.7009,93.6545,AF4:0.715;AF6:0.154;AF9:0.058
SHIN_REAL_POSITIVE_ZFS_271,Homo_sapiens_shin2016,chr19,1063488,1063500,positive,20.8709,1,1,1,209,0.394489,331,122,3.1250,177,-32,54.5455,17153,1,3.1250,0,0.0000,37.4720,34.2896,51.7695,68.8456,92.6080,AF9:0.904;AF12:0.895
SHIN_REAL_POSITIVE_ZFS_272,Homo_sapiens_shin2016,chr19,1201688,1202072,positive,18.8666,0,0,0,310,0.394489,332,22,1.8229,329,19,66.6667,2137,1,1.8229,0,0.0000,37.2954,69.5193,51.7695,74.3813,92.0375,AF9:1.000;AF12:0.907
SHIN_REAL_POSITIVE_ZFS_273,Homo_sapiens_shin2016,chr17,60549697,60550081,positive,19.3930,1,1,1,253,0.394489,333,80,1.8229,330,77,100.0000,13930,1,1.8229,0,0.0000,39.0252,50.4805,51.7695,74.3813,92.0375,AF9:1.000;AF12:0.784
SHIN_REAL_POSITIVE_ZFS_274,Homo_sapiens_shin2016,chr21,43661200,43661208,positive,18.3262,0,0,0,350,0.394489,334,-16,2.0833,283,-67,50.0000,10227,1,2.0833,0,0.0000,36.4466,26.1629,51.7695,73.9655,92.0795,AF9:1.000;AF12:0.968
SHIN_REAL_POSITIVE_ZFS_275,Homo_sapiens_shin2016,chrX,70204852,70204894,positive,63.0580,1,1,1,42,1.000000,120,78,4.9479,165,123,77.7778,3,1,4.9479,1,4.9479,81.9372,90.7109,72.1517,49.9697,94.5540,AF4:0.846
SHIN_REAL_POSITIVE_ZFS_276,Homo_sapiens_shin2016,chr11,8848460,8848530,positive,62.3753,1,1,1,103,1.000000,121,18,11.7188,109,6,69.3182,30983,1,11.7188,1,11.7188,82.2118,27.2599,72.1517,49.5421,94.5995,AF4:0.846;AF6:0.154
SHIN_REAL_POSITIVE_ZFS_277,Homo_sapiens_shin2016,chr1,148726130,148726514,positive,18.3731,0,0,0,346,0.394489,335,-11,1.8229,331,-15,33.3333,3,1,1.8229,0,0.0000,35.5656,90.7109,51.7695,74.3813,92.0375,AF9:1.000;AF12:1.000
SHIN_REAL_POSITIVE_ZFS_278,Homo_sapiens_shin2016,chr8,125808332,125808385,positive,63.0059,1,1,1,48,1.000000,122,74,11.7188,110,62,71.0227,1525,1,11.7188,1,11.7188,82.0452,72.0723,72.1517,49.8034,94.5715,AF4:0.846
SHIN_REAL_POSITIVE_ZFS_279,Homo_sapiens_shin2016,chr14,60271047,60271056,positive,19.0791,0,0,0,291,0.394489,336,45,2.3438,249,-42,59.3750,166,1,2.3438,0,0.0000,36.9170,90.7109,51.7695,73.9418,92.0830,AF9:1.000;AF12:0.935
SHIN_REAL_POSITIVE_ZFS_28,Homo_sapiens_shin2016,chrX,31269735,31269805,positive,57.8221,1,1,1,164,1.000000,123,-41,18.2292,35,-129,63.4058,269645,1,18.2292,1,18.2292,81.8174,27.2599,72.1517,58.7484,93.6510,AF4:0.712;AF6:0.154;AF9:0.062
SHIN_REAL_POSITIVE_ZFS_280,Homo_sapiens_shin2016,chr7,47985549,47985557,positive,19.0233,0,0,0,299,0.394489,337,38,2.0833,284,-15,57.1429,213,1,2.0833,0,0.0000,36.8011,90.7109,51.7695,73.9655,92.0795,AF9:1.000;AF12:0.943
SHIN_REAL_POSITIVE_ZFS_281,Homo_sapiens_shin2016,chr6,25389131,25389200,positive,63.0498,1,1,1,44,1.000000,124,80,15.6250,57,13,65.2542,1505,1,15.6250,1,15.6250,82.2019,58.5258,72.1517,49.5539,94.5960,AF4:0.846
SHIN_REAL_POSITIVE_ZFS_282,Homo_sapiens_shin2016,chr7,135307309,135307367,positive,57.7055,1,1,1,170,1.000000,125,-45,15.1042,66,-104,63.1579,5236,1,15.1042,1,15.1042,81.7001,43.7587,72.1517,58.9266,93.6300,AF4:0.698;AF6:0.154;AF9:0.077
SHIN_REAL_POSITIVE_ZFS_283,Homo_sapiens_shin2016,chr7,148053037,148053104,positive,62.3451,1,1,1,105,1.000000,126,21,10.4167,124,19,70.5128,26172,1,10.4167,1,10.4167,82.1827,27.2599,72.1517,49.5896,94.5960,AF4:0.846;AF6:0.154
SHIN_REAL_POSITIVE_ZFS_284,Homo_sapiens_shin2016,chr6,166321235,166321276,positive,25.1305,1,1,1,199,0.394489,338,139,8.5938,140,-59,56.2500,180076,1,8.5938,0,0.0000,38.1502,40.8899,51.7695,59.1998,93.6020,AF9:0.100;AF12:0.100
SHIN_REAL_POSITIVE_ZFS_285,Homo_sapiens_shin2016,chr15,57518416,57518482,positive,63.0833,1,1,1,36,1.000000,127,91,12.7604,100,64,64.5833,753,1,12.7604,1,12.7604,82.1728,65.9186,72.1517,49.6015,94.5925,AF4:0.846
SHIN_REAL_POSITIVE_ZFS_286,Homo_sapiens_shin2016,chr2,46696505,46696539,positive,62.1768,1,1,1,124,1.000000,128,4,8.8542,134,10,70.4545,1215,1,8.8542,1,8.8542,81.8589,46.1056,72.1517,50.1004,94.5400,AF4:0.846;AF6:0.154
SHIN_REAL_POSITIVE_ZFS_287,Homo_sapiens_shin2016,chr8,140781842,140781933,positive,22.4943,1,1,1,200,0.394489,339,139,46.4286,5,-195,58.6111,2547,1,46.4286,0,0.0000,38.2364,67.8090,51.7695,66.2797,92.8740,AF9:0.690;AF12:0.690
SHIN_REAL_POSITIVE_ZFS_288,Homo_sapiens_shin2016,chr5,173058432,173058487,positive,57.4950,1,1,1,180,1.000000,129,-51,14.3229,76,-104,61.1111,82171,1,14.3229,1,14.3229,81.6705,27.2599,72.1517,58.9741,93.6265,AF4:0.694;AF6:0.154;AF9:0.081
SHIN_REAL_POSITIVE_ZFS_289,Homo_sapiens_shin2016,chr10,95452221,95452605,positive,19.3939,1,0,0,252,0.394489,340,88,1.8229,332,80,83.3333,0,1,1.8229,0,0.0000,38.1603,90.7109,51.7695,74.3813,92.0375,AF9:1.000;AF12:0.846
SHIN_REAL_POSITIVE_ZFS_29,Homo_sapiens_shin2016,chr1,243093254,243093300,positive,58.8833,1,1,1,150,1.000000,130,-20,23.3503,16,-134,63.3333,1149,1,23.3503,1,23.3503,81.5823,73.6408,72.1517,58.4395,93.6825,AF4:0.735;AF9:0.037
SHIN_REAL_POSITIVE_ZFS_290,Homo_sapiens_shin2016,chr6,26629271,26629655,positive,19.1649,1,1,1,274,0.394489,341,67,1.5625,369,95,90.0000,16896,1,1.5625,0,0.0000,38.5062,48.1238,51.7695,74.3813,92.0375,AF9:1.000;AF12:0.821
SHIN_REAL_POSITIVE_ZFS_291,Homo_sapiens_shin2016,chr22,48741521,48741538,positive,33.6267,1,1,1,198,0.394489,342,144,2.3438,250,52,75.0000,1357,1,2.3438,0,0.0000,38.3095,45.5132,51.7695,50.3617,94.5155,
SHIN_REAL_POSITIVE_ZFS_292,Homo_sapiens_shin2016,chr12,47740604,47740615,positive,62.4577,1,1,1,98,1.000000,131,33,2.8646,185,87,67.5000,5231,1,2.8646,1,2.8646,81.6337,57.3926,72.1517,50.4568,94.5050,AF4:0.846
SHIN_REAL_POSITIVE_ZFS_293,Homo_sapiens_shin2016,chr1,59023393,59023401,positive,18.7805,0,0,0,317,0.394489,343,26,2.3438,251,-66,43.7500,807,1,2.3438,0,0.0000,36.4466,78.8621,51.7695,73.9655,92.0795,AF9:1.000;AF12:0.968
SHIN_REAL_POSITIVE_ZFS_294,Homo_sapiens_shin2016,chr12,119215084,119215094,positive,20.9022,1,1,1,208,0.394489,344,136,2.6042,211,3,50.0000,9451,1,2.6042,0,0.0000,37.4523,40.4095,51.7695,68.8813,92.6045,AF9:0.907;AF12:0.896
SHIN_REAL_POSITIVE_ZFS_295,Homo_sapiens_shin2016,chr12,47544289,47544363,positive,58.6282,1,1,1,154,1.000000,132,-22,19.2708,31,-123,60.6164,1584,1,19.2708,1,19.2708,81.8568,71.8262,72.1517,58.6890,93.6545,AF4:0.716;AF9:0.057
SHIN_REAL_POSITIVE_ZFS_296,Homo_sapiens_shin2016,chr2,112634619,112634854,positive,63.6125,1,1,1,5,1.000000,133,128,14.8438,69,64,70.5357,22187,1,14.8438,1,14.8438,82.4079,40.8899,72.1517,46.9880,94.8620,AF4:0.846;AF6:0.154
SHIN_REAL_POSITIVE_ZFS_297,Homo_sapiens_shin2016,chr12,102883801,102883833,positive,62.1666,1,1,1,129,1.000000,134,5,4.9479,166,37,91.6667,8751,1,4.9479,1,4.9479,81.9755,40.9657,72.1517,50.1241,94.5400,AF4:0.846;AF6:0.154
SHIN_REAL_POSITIVE_ZFS_298,Homo_sapiens_shin2016,chr10,3817567,3817951,positive,19.7399,1,1,1,225,0.394489,345,120,1.8229,333,108,100.0000,113,1,1.8229,0,0.0000,39.0252,90.7109,51.7695,74.3813,92.0375,AF9:1.000;AF12:0.784
SHIN_REAL_POSITIVE_ZFS_299,Homo_sapiens_shin2016,chr1,148124266,148124274,positive,19.3386,1,1,1,255,0.394489,346,91,1.8229,334,79,83.3333,551,1,1.8229,0,0.0000,38.1603,68.4867,51.7695,74.0487,92.0725,AF9:1.000;AF12:0.846
SHIN_REAL_POSITIVE_ZFS_3,Homo_sapiens_shin2016,chr6,166342205,166342330,positive,62.9165,1,1,1,59,1.000000,135,76,18.7500,34,-25,66.0714,159022,1,18.7500,1,3.9062,82.4079,40.8899,72.1517,48.6868,94.6870,AF4:0.846;AF6:0.154
SHIN_REAL_POSITIVE_ZFS_30,Homo_sapiens_shin2016,chr6,27373600,27373610,positive,61.7004,1,1,1,141,1.000000,136,-5,2.6042,212,71,72.2222,50114,1,2.6042,1,2.6042,81.6238,13.6300,72.1517,50.4686,94.5050,AF4:0.846;AF6:0.136
SHIN_REAL_POSITIVE_ZFS_300,Homo_sapiens_shin2016,chr4,141294896,141294969,positive,62.5232,1,1,1,90,1.000000,137,47,6.2500,158,68,78.2609,102920,1,6.2500,1,6.2500,82.2413,40.8899,72.1517,49.4945,94.6030,AF4:0.846;AF6:0.154
SHIN_REAL_POSITIVE_ZFS_301,Homo_sapiens_shin2016,chr17,35390531,35390539,positive,19.1705,1,1,1,273,0.394489,347,74,2.0833,285,12,64.2857,46,1,2.0833,0,0.0000,37.1718,90.7109,51.7695,73.9655,92.0795,AF9:1.000;AF12:0.916
SHIN_REAL_POSITIVE_ZFS_302,Homo_sapiens_shin2016,chrX,136788003,136788066,positive,62.4234,1,1,1,100,1.000000,138,38,14.3229,77,-23,67.5926,311992,1,14.3229,1,14.3229,82.1433,40.8899,72.1517,49.6490,94.5890,AF4:0.846;AF6:0.154
SHIN_REAL_POSITIVE_ZFS_303,Homo_sapiens_shin2016,chr12,45051890,45051903,positive,62.6535,1,1,1,81,1.000000,139,58,3.3854,173,92,72.9167,910,1,3.3854,1,3.3854,81.6534,77.5526,72.1517,50.4211,94.5085,AF4:0.846
SHIN_REAL_POSITIVE_ZFS_304,Homo_sapiens_shin2016,chr4,103642425,103642479,positive,63.0621,1,1,1,41,1.000000,140,99,14.0625,79,38,66.0377,908,1,14.0625,1,14.0625,82.0550,77.5780,72.1517,49.7915,94.5750,AF4:0.846
SHIN_REAL_POSITIVE_ZFS_305,Homo_sapiens_shin2016,chr7,138238972,138239069,positive,21.8146,1,1,1,202,0.394489,348,146,22.9167,18,-184,58.3333,16040,1,22.9167,0,0.0000,38.2364,48.8040,51.7695,67.5389,92.7445,AF9:0.795;AF12:0.795
SHIN_REAL_POSITIVE_ZFS_306,Homo_sapiens_shin2016,chr14,54103023,54103074,positive,62.9916,1,1,1,52,1.000000,141,89,10.4167,125,73,70.5128,1312,1,10.4167,1,10.4167,82.0255,72.9609,72.1517,49.8390,94.5680,AF4:0.846
SHIN_REAL_POSITIVE_ZFS_307,Homo_sapiens_shin2016,chr20,26136785,26136793,positive,19.3009,1,1,1,262,0.394489,349,87,1.8391,295,33,85.7143,94109,1,1.8391,0,0.0000,38.2838,40.8899,51.7695,73.6804,92.1110,AF9:1.000;AF12:0.837
SHIN_REAL_POSITIVE_ZFS_308,Homo_sapiens_shin2016,chr1,204852261,204852645,positive,19.5321,1,1,0,237,0.394489,350,113,1.5625,370,133,90.0000,0,1,1.5625,0,0.0000,38.5062,90.7109,51.7695,74.3813,92.0375,AF9:1.000;AF12:0.821
SHIN_REAL_POSITIVE_ZFS_309,Homo_sapiens_shin2016,chr1,145022683,145022701,positive,46.8268,1,1,1,186,1.000000,142,-44,2.6042,213,27,63.8889,88051,1,2.6042,1,2.6042,80.7162,40.8899,72.1517,73.2171,92.1565,AF6:0.154;AF9:0.154
SHIN_REAL_POSITIVE_ZFS_31,Homo_sapiens_shin2016,chr2,58508192,58508226,positive,62.0143,1,1,1,138,1.000000,143,5,8.8542,135,-3,74.2424,186175,1,8.8542,1,8.8542,81.8589,27.2599,72.1517,50.1004,94.5400,AF4:0.846;AF6:0.154
SHIN_REAL_POSITIVE_ZFS_310,Homo_sapiens_shin2016,chr5,149935463,149935520,positive,63.2038,1,1,1,21,1.000000,144,123,41.9048,7,-14,73.8372,25314,1,41.9048,1,41.9048,82.0846,27.2599,72.1517,47.4038,94.8200,AF4:0.846;AF6:0.154
SHIN_REAL_POSITIVE_ZFS_311,Homo_sapiens_shin2016,chr21,43670780,43670953,positive,-1.0000,0,0,0,384,0.000000,384,0,0.0000,384,0,0.0000,483,0,0.0000,0,0.0000,0.3633,82.9812,3.6765,71.5895,92.0375,
SHIN_REAL_POSITIVE_ZFS_312,Homo_sapiens_shin2016,chr14,73292565,73292611,positive,62.8424,1,1,1,61,1.000000,145,84,11.9792,107,46,66.6667,4142,1,11.9792,1,11.9792,81.9767,61.1554,72.1517,49.9103,94.5610,AF4:0.846
SHIN_REAL_POSITIVE_ZFS_313,Homo_sapiens_shin2016,chr16,79395461,79395537,positive,63.3972,1,1,1,13,1.000000,146,133,8.5938,141,128,68.7500,138,1,8.5938,1,8.5938,82.2709,90.7109,72.1517,49.4470,94.6100,AF4:0.846
SHIN_REAL_POSITIVE_ZFS_314,Homo_sapiens_shin2016,chr3,151803837,151803847,positive,19.0657,0,0,0,294,0.394489,351,57,2.6042,214,-80,50.0000,25,1,2.6042,0,0.0000,36.8607,77.0809,51.7695,73.6329,92.1145,AF9:1.000;AF12:0.939
SHIN_REAL_POSITIVE_ZFS_315,Homo_sapiens_shin2016,chr1,224965545,224965571,positive,20.9464,1,1,1,207,0.394489,352,145,6.7708,153,-54,50.0000,26261,1,6.7708,0,0.0000,37.6090,27.2599,51.7695,68.6318,92.6290,AF9:0.886;AF12:0.885
SHIN_REAL_POSITIVE_ZFS_32,Homo_sapiens_shin2016,chr11,64619994,64620378,positive,-1.0000,0,0,0,385,0.000000,385,0,0.0000,385,0,0.0000,0,0,0.0000,0,0.0000,0.3633,90.7109,3.6765,71.5895,92.0375,
SHIN_REAL_POSITIVE_ZFS_33,Homo_sapiens_shin2016,chr6,167288706,167288905,positive,63.9620,1,1,1,2,1.000000,147,145,16.4062,48,46,62.9032,1161,1,16.4062,1,16.4062,82.4079,59.9608,72.1517,47.5464,94.8060,AF4:0.846
SHIN_REAL_POSITIVE_ZFS_34,Homo_sapiens_shin2016,chr3,185986330,185986375,positive,57.3899,1,1,1,183,1.000000,148,-35,11.7188,111,-72,64.7727,26249,1,11.7188,1,11.7188,81.5724,40.8899,72.1517,59.1285,93.6090,AF4:0.682;AF6:0.154;AF9:0.094
SHIN_REAL_POSITIVE_ZFS_35,Homo_sapiens_shin2016,chr1,93317132,93317149,positive,19.2692,1,1,1,264,0.394489,353,89,2.3438,252,-12,62.5000,281,1,2.3438,0,0.0000,37.0791,85.5493,51.7695,73.5260,92.1250,AF9:1.000;AF12:0.923
SHIN_REAL_POSITIVE_ZFS_36,Homo_sapiens_shin2016,chr6,26379225,26379233,positive,19.2658,1,1,1,265,0.394489,354,89,2.0833,286,21,71.4286,1889,1,2.0833,0,0.0000,37.5425,70.5539,51.7695,73.6686,92.1110,AF9:1.000;AF12:0.890
SHIN_REAL_POSITIVE_ZFS_37,Homo_sapiens_shin2016,chr6,3963623,3963635,positive,44.0068,1,1,1,196,1.000000,149,-47,3.1250,178,-18,68.1818,2932,1,3.1250,1,3.1250,81.0519,52.5730,72.1517,73.0033,92.1775,AF9:0.154
SHIN_REAL_POSITIVE_ZFS_38,Homo_sapiens_shin2016,chr18,66023825,66023834,positive,19.6526,1,1,1,228,0.394489,355,127,2.3438,253,25,81.2500,107,1,2.3438,0,0.0000,38.0522,90.7109,51.7695,73.6448,92.1145,AF9:1.000;AF12:0.853
SHIN_REAL_POSITIVE_ZFS_39,Homo_sapiens_shin2016,chr11,67528068,67528126,positive,63.2142,1,1,1,19,1.000000,150,131,12.7604,101,82,67.7083,42,1,12.7604,1,12.7604,82.0945,90.7109,72.1517,49.7321,94.5785,AF4:0.846
SHIN_REAL_POSITIVE_ZFS_4,Homo_sapiens_shin2016,chr7,44802968,44802978,positive,62.5015,1,1,1,92,1.000000,151,59,2.6042,215,123,72.2222,164,1,2.6042,1,2.6042,81.6238,63.4510,72.1517,50.4686,94.5050,AF4:0.846
SHIN_REAL_POSITIVE_ZFS_40,Homo_sapiens_shin2016,chr1,145479251,145479329,positive,63.2356,1,1,1,17,1.000000,152,135,11.4583,114,97,77.7778,476,1,11.4583,1,2.6042,82.2901,69.4402,72.1517,49.4114,94.6135,AF4:0.846
SHIN_REAL_POSITIVE_ZFS_41,Homo_sapiens_shin2016,chrX,128805679,128805735,positive,63.1824,1,1,1,23,1.000000,153,130,13.8958,82,59,69.5455,126,1,13.8958,1,13.8958,82.0748,90.7109,72.1517,49.7915,94.5715,AF4:0.846
SHIN_REAL_POSITIVE_ZFS_42,Homo_sapiens_shin2016,chr14,34901716,34901878,positive,63.1502,1,1,1,29,1.000000,154,125,11.7188,112,83,68.1818,41824,1,11.7188,1,11.7188,82.4079,40.8899,72.1517,48.1166,94.7465,AF4:0.846;AF6:0.154
SHIN_REAL_POSITIVE_ZFS_43,Homo_sapiens_shin2016,chr10,23785769,23785829,positive,62.3330,1,1,1,106,1.000000,155,49,15.6250,58,-48,66.1017,17566,1,15.6250,1,15.6250,82.1137,33.9614,72.1517,49.6965,94.5820,AF4:0.846;AF6:0.154
SHIN_REAL_POSITIVE_ZFS_44,Homo_sapiens_shin2016,chr12,131915397,131915406,positive,19.6526,1,1,1,229,0.394489,356,127,2.3438,254,25,81.2500,37,1,2.3438,0,0.0000,38.0522,90.7109,51.7695,73.6448,92.1145,AF9:1.000;AF12:0.853
SHIN_REAL_POSITIVE_ZFS_45,Homo_sapiens_shin2016,chr1,229828872,229828929,positive,63.1642,1,1,1,26,1.000000,156,130,8.5938,142,116,75.0000,254,1,8.5938,1,8.5938,82.0846,85.8925,72.1517,49.7440,94.5785,AF4:0.846
SHIN_REAL_POSITIVE_ZFS_46,Homo_sapiens_shin2016,chr12,54510683,54510739,positive,63.0798,1,1,1,38,1.000000,157,119,7.2917,151,113,79.6296,165,1,7.2917,1,7.2917,82.0748,77.0809,72.1517,49.7559,94.5785,AF4:0.846
SHIN_REAL_POSITIVE_ZFS_47,Homo_sapiens_shin2016,chr2,8378637,8378690,positive,62.2058,1,1,1,121,1.000000,158,37,13.8021,85,-36,72.1154,357735,1,13.8021,1,13.8021,82.0452,27.2599,72.1517,49.8034,94.5715,AF4:0.846;AF6:0.154
SHIN_REAL_POSITIVE_ZFS_48,Homo_sapiens_shin2016,chr6,12395799,12395868,positive,63.1464,1,1,1,30,1.000000,159,129,10.9375,122,92,97.2222,2730,1,10.9375,1,4.9479,82.2638,67.0456,72.1517,49.5539,94.5960,AF4:0.846
SHIN_REAL_POSITIVE_ZFS_49,Homo_sapiens_shin2016,chr7,73226330,73226363,positive,62.6893,1,1,1,79,1.000000,160,81,8.5938,143,64,84.3750,261,1,8.5938,1,8.5938,81.8490,58.5436,72.1517,50.1123,94.5400,AF4:0.846
SHIN_REAL_POSITIVE_ZFS_5,Homo_sapiens_shin2016,chr19,63722913,63723297,positive,19.5321,1,1,1,238,0.394489,357,119,1.5625,371,133,90.0000,181,1,1.5625,0,0.0000,38.5062,90.7109,51.7695,74.3813,92.0375,AF9:1.000;AF12:0.821
SHIN_REAL_POSITIVE_ZFS_50,Homo_sapiens_shin2016,chr16,86451896,86451925,positive,62.6168,1,1,1,85,1.000000,161,76,4.4271,168,83,72.7273,8689,1,4.4271,1,3.1250,81.8101,54.6449,72.1517,50.1717,94.5330,AF4:0.846
SHIN_REAL_POSITIVE_ZFS_51,Homo_sapiens_shin2016,chr1,118429479,118429541,positive,57.6494,1,1,1,173,1.000000,162,-11,16.1458,53,-120,63.5246,99815,1,16.1458,1,16.1458,81.7390,27.2599,72.1517,58.8672,93.6370,AF4:0.703;AF6:0.154;AF9:0.072
SHIN_REAL_POSITIVE_ZFS_52,Homo_sapiens_shin2016,chr17,27693141,27693525,positive,19.0493,0,0,0,297,0.394489,358,61,1.8229,335,38,66.6667,0,1,1.8229,0,0.0000,37.2954,90.7109,51.7695,74.3813,92.0375,AF9:1.000;AF12:0.907
SHIN_REAL_POSITIVE_ZFS_53,Homo_sapiens_shin2016,chr5,4874044,4874052,positive,18.4269,0,0,0,341,0.394489,359,18,2.3438,255,-86,43.7500,319390,1,2.3438,0,0.0000,36.4170,40.8899,51.7695,74.0012,92.0760,AF9:1.000;AF12:0.970
SHIN_REAL_POSITIVE_ZFS_54,Homo_sapiens_shin2016,chr10,42597976,42597990,positive,33.9433,1,1,1,197,0.394489,360,163,2.0833,287,90,85.7143,274,1,2.0833,0,0.0000,38.2838,85.6383,51.7695,50.4092,94.5085,
SHIN_REAL_POSITIVE_ZFS_55,Homo_sapiens_shin2016,chrX,73564139,73564219,positive,62.6098,1,1,1,86,1.000000,163,77,15.1042,67,-19,65.3509,6330,1,15.1042,1,15.1042,82.3098,42.8894,72.1517,49.3876,94.6135,AF4:0.846;AF6:0.154
SHIN_REAL_POSITIVE_ZFS_56,Homo_sapiens_shin2016,chr9,97311539,97311599,positive,63.0575,1,1,1,43,1.000000,164,121,8.8542,136,93,74.2424,2020,1,8.8542,1,8.8542,82.1137,70.0074,72.1517,49.6965,94.5820,AF4:0.846
SHIN_REAL_POSITIVE_ZFS_57,Homo_sapiens_shin2016,chr20,26137404,26137412,positive,19.1577,1,1,1,275,0.394489,361,86,2.0833,288,13,78.5714,94728,1,2.0833,0,0.0000,37.9132,40.8899,51.7695,73.6686,92.1110,AF9:1.000;AF12:0.863
SHIN_REAL_POSITIVE_ZFS_58,Homo_sapiens_shin2016,chr9,101623601,101623654,positive,63.1197,1,1,1,32,1.000000,165,133,6.5104,155,123,89.5833,303,1,6.5104,1,6.5104,82.0452,85.2696,72.1517,49.8034,94.5715,AF4:0.846
SHIN_REAL_POSITIVE_ZFS_59,Homo_sapiens_shin2016,chr14,99374916,99374960,positive,62.4623,1,1,1,97,1.000000,166,69,28.7582,12,-85,76.1628,45419,1,28.7582,1,28.7582,81.9570,13.6300,72.1517,48.9125,94.6625,AF4:0.846;AF6:0.136
SHIN_REAL_POSITIVE_ZFS_6,Homo_sapiens_shin2016,chr8,71221725,71221779,positive,62.3321,1,1,1,107,1.000000,167,60,9.6354,132,25,73.6111,75610,1,9.6354,1,9.6354,82.0550,40.8899,72.1517,49.7915,94.5750,AF4:0.846;AF6:0.154
SHIN_REAL_POSITIVE_ZFS_60,Homo_sapiens_shin2016,chr12,12769392,12769443,positive,62.8396,1,1,1,62,1.000000,168,106,11.1979,118,56,63.6905,7817,1,11.1979,1,11.1979,82.0255,55.3378,72.1517,49.8390,94.5680,AF4:0.846
SHIN_REAL_POSITIVE_ZFS_61,Homo_sapiens_shin2016,chr6,21701493,21701547,positive,62.9999,1,1,1,50,1.000000,169,119,11.9792,108,58,66.1111,403,1,11.9792,1,11.9792,82.0550,70.3683,72.1517,49.7915,94.5750,AF4:0.846
SHIN_REAL_POSITIVE_ZFS_62,Homo_sapiens_shin2016,chr2,233095558,233095942,positive,19.1729,1,1,1,272,0.394489,362,90,1.8229,336,64,83.3333,3200,1,1.8229,0,0.0000,38.1603,65.0850,51.7695,74.3813,92.0375,AF9:1.000;AF12:0.846
SHIN_REAL_POSITIVE_ZFS_63,Homo_sapiens_shin2016,chr21,25901510,25901526,positive,19.9370,1,1,1,212,0.394489,363,151,2.0833,289,77,92.8571,145,1,2.0833,0,0.0000,38.6545,90.7109,51.7695,73.5379,92.1250,AF9:1.000;AF12:0.810
SHIN_REAL_POSITIVE_ZFS_64,Homo_sapiens_shin2016,chr6,26646098,26646139,positive,62.9861,1,1,1,53,1.000000,170,117,3.6458,171,118,71.1538,411,1,3.6458,1,3.6458,81.9274,83.8966,72.1517,49.9935,94.5540,AF4:0.846
SHIN_REAL_POSITIVE_ZFS_65,Homo_sapiens_shin2016,chr19,16867576,16867645,positive,63.1710,1,1,1,24,1.000000,171,147,21.0345,22,-2,72.5000,6751,1,21.0345,1,21.0345,82.2019,56.1848,72.1517,49.2094,94.6345,AF4:0.846
SHIN_REAL_POSITIVE_ZFS_66,Homo_sapiens_shin2016,chr8,24870493,24870548,positive,63.0710,1,1,1,40,1.000000,172,132,11.4583,115,75,67.4419,0,1,11.4583,1,11.4583,82.0649,77.0809,72.1517,49.7678,94.5750,AF4:0.846
SHIN_REAL_POSITIVE_ZFS_67,Homo_sapiens_shin2016,chr18,143224,143277,positive,21.2157,1,1,1,205,0.394489,364,159,13.8021,86,-119,50.0000,44160,1,13.8021,0,0.0000,37.8736,27.2599,51.7695,68.2160,92.6745,AF9:0.851;AF12:0.851
SHIN_REAL_POSITIVE_ZFS_68,Homo_sapiens_shin2016,chr7,36684564,36684630,positive,57.6501,1,1,1,172,1.000000,173,1,17.1875,43,-129,60.7692,45964,1,17.1875,1,17.1875,81.7784,13.6300,72.1517,58.8078,93.6440,AF4:0.707;AF6:0.136;AF9:0.067
SHIN_REAL_POSITIVE_ZFS_69,Homo_sapiens_shin2016,chr20,41519866,41519880,positive,63.3074,1,1,1,16,1.000000,174,158,14.0000,81,65,100.0000,51,1,14.0000,1,14.0000,82.4079,90.7109,72.1517,49.7915,94.5750,AF4:0.846
SHIN_REAL_POSITIVE_ZFS_7,Homo_sapiens_shin2016,chr6,22396995,22397109,positive,59.8805,1,1,1,143,1.000000,175,32,46.9136,3,-140,63.4956,8599,1,46.9136,1,46.9136,82.0135,54.7164,72.1517,57.0378,93.8260,AF4:0.843
SHIN_REAL_POSITIVE_ZFS_70,Homo_sapiens_shin2016,chr21,43664594,43664602,positive,18.8722,0,0,0,309,0.394489,365,56,2.0833,290,-19,64.2857,6833,1,2.0833,0,0.0000,37.1718,56.1197,51.7695,73.9655,92.0795,AF9:1.000;AF12:0.916
SHIN_REAL_POSITIVE_ZFS_71,Homo_sapiens_shin2016,chr2,40202660,40202722,positive,57.6494,1,1,1,174,1.000000,176,2,16.1458,54,-120,64.3443,308225,1,16.1458,1,16.1458,81.7390,27.2599,72.1517,58.8672,93.6370,AF4:0.703;AF6:0.154;AF9:0.072
SHIN_REAL_POSITIVE_ZFS_72,Homo_sapiens_shin2016,chr15,64781145,64781205,positive,63.1694,1,1,1,25,1.000000,177,152,5.4688,163,138,81.2500,482,1,5.4688,1,4.4271,82.1137,82.9939,72.1517,49.6965,94.5820,AF4:0.846
SHIN_REAL_POSITIVE_ZFS_73,Homo_sapiens_shin2016,chr6,50902019,50902061,positive,62.2231,1,1,1,119,1.000000,178,59,8.8542,137,18,80.3030,7622,1,8.8542,1,8.8542,81.9372,41.8628,72.1517,49.9697,94.5540,AF4:0.846;AF6:0.154
SHIN_REAL_POSITIVE_ZFS_74,Homo_sapiens_shin2016,chr1,23758380,23758392,positive,62.7794,1,1,1,71,1.000000,179,108,3.1250,179,108,86.3636,177,1,3.1250,1,3.1250,81.7003,90.7109,72.1517,50.4330,94.5050,AF4:0.846
SHIN_REAL_POSITIVE_ZFS_75,Homo_sapiens_shin2016,chr1,203357869,203357877,positive,19.5134,1,1,1,240,0.394489,366,126,2.0833,291,51,75.0000,104,1,2.0833,0,0.0000,37.7278,90.7109,51.7695,73.6686,92.1110,AF9:1.000;AF12:0.877
SHIN_REAL_POSITIVE_ZFS_76,Homo_sapiens_shin2016,chr2,226193208,226193349,positive,63.0186,1,1,1,47,1.000000,180,133,34.3750,8,-39,66.2214,219601,1,34.3750,1,34.3750,82.4079,40.8899,72.1517,48.4373,94.7115,AF4:0.846;AF6:0.154
SHIN_REAL_POSITIVE_ZFS_77,Homo_sapiens_shin2016,chr20,25571059,25571113,positive,62.2663,1,1,1,114,1.000000,181,67,14.0625,80,-34,65.0943,18439,1,14.0625,1,14.0625,82.0550,33.2678,72.1517,49.7915,94.5750,AF4:0.846;AF6:0.154
SHIN_REAL_POSITIVE_ZFS_78,Homo_sapiens_shin2016,chrX,50231186,50231239,positive,62.9575,1,1,1,55,1.000000,182,127,8.3333,144,89,77.4194,710,1,8.3333,1,8.3333,82.0452,66.4653,72.1517,49.8034,94.5715,AF4:0.846
SHIN_REAL_POSITIVE_ZFS_79,Homo_sapiens_shin2016,chr1,86943102,86943486,positive,19.1181,0,0,0,285,0.394489,367,82,1.5625,372,87,70.0000,250,1,1.5625,0,0.0000,37.4683,90.7109,51.7695,74.3813,92.0375,AF9:1.000;AF12:0.895
SHIN_REAL_POSITIVE_ZFS_8,Homo_sapiens_shin2016,chr12,16937631,16937668,positive,61.9696,1,1,1,139,1.000000,183,44,7.5521,148,9,80.3571,285341,1,7.5521,1,7.5521,81.8885,13.6300,72.1517,50.0529,94.5470,AF4:0.846;AF6:0.136
SHIN_REAL_POSITIVE_ZFS_80,Homo_sapiens_shin2016,chr6,35335203,35335211,positive,19.8394,1,1,1,215,0.394489,368,153,2.0833,292,77,92.8571,276,1,2.0833,0,0.0000,38.6545,85.6129,51.7695,73.6686,92.1110,AF9:1.000;AF12:0.810
SHIN_REAL_POSITIVE_ZFS_81,Homo_sapiens_shin2016,chr1,178118303,178118329,positive,19.4396,1,1,1,246,0.394489,369,123,2.6042,216,-30,52.7778,504,1,2.6042,0,0.0000,37.4118,69.0842,51.7695,73.0865,92.1705,AF9:1.000;AF12:0.899
SHIN_REAL_POSITIVE_ZFS_82,Homo_sapiens_shin2016,chr12,123529844,123530070,positive,63.5542,1,1,1,8,1.000000,184,176,12.5000,104,96,63.8298,56031,1,12.5000,1,12.5000,82.4079,40.8899,72.1517,47.1306,94.8480,AF4:0.846;AF6:0.154
SHIN_REAL_POSITIVE_ZFS_83,Homo_sapiens_shin2016,chr6,26139984,26140368,positive,19.3979,1,1,1,249,0.394489,370,121,1.5625,373,124,100.0000,13223,1,1.5625,0,0.0000,39.0252,51.0423,51.7695,74.3813,92.0375,AF9:1.000;AF12:0.784
SHIN_REAL_POSITIVE_ZFS_84,Homo_sapiens_shin2016,chr2,9523794,9524021,positive,63.5687,1,1,1,7,1.000000,185,178,16.6667,45,38,67.4603,8120,1,16.6667,1,16.6667,82.4079,41.4671,72.1517,47.1068,94.8480,AF4:0.846;AF6:0.154
SHIN_REAL_POSITIVE_ZFS_85,Homo_sapiens_shin2016,chr7,70828169,70828237,positive,62.4756,1,1,1,96,1.000000,186,90,15.6250,59,-37,66.5254,687056,1,15.6250,1,15.6250,82.1920,40.8899,72.1517,49.5658,94.5960,AF4:0.846;AF6:0.154
SHIN_REAL_POSITIVE_ZFS_86,Homo_sapiens_shin2016,chr17,46585707,46585717,positive,62.6190,1,1,1,84,1.000000,187,103,2.6042,217,133,72.2222,201,1,2.6042,1,2.6042,81.6238,77.0809,72.1517,50.4686,94.5050,AF4:0.846
SHIN_REAL_POSITIVE_ZFS_87,Homo_sapiens_shin2016,chr6,20970712,20970769,positive,57.5311,1,1,1,178,1.000000,188,10,14.8438,70,-108,62.0536,316162,1,14.8438,1,14.8438,81.6902,27.2599,72.1517,58.9503,93.6300,AF4:0.696;AF6:0.154;AF9:0.079
SHIN_REAL_POSITIVE_ZFS_89,Homo_sapiens_shin2016,chr11,77468422,77468430,positive,18.9498,0,0,0,307,0.394489,371,64,2.0833,293,-14,53.5714,148,1,2.0833,0,0.0000,36.6158,90.7109,51.7695,73.9655,92.0795,AF9:1.000;AF12:0.956
SHIN_REAL_POSITIVE_ZFS_9,Homo_sapiens_shin2016,chr6,26264442,26264826,positive,19.3248,1,0,0,260,0.394489,372,112,1.5625,374,114,80.0000,0,1,1.5625,0,0.0000,37.9873,90.7109,51.7695,74.3813,92.0375,AF9:1.000;AF12:0.858
SHIN_REAL_POSITIVE_ZFS_90,Homo_sapiens_shin2016,chr16,88083094,88083153,positive,64.0682,1,1,1,1,1.000000,189,188,46.6667,4,3,69.2708,1285,1,46.6667,1,46.6667,82.1038,73.0735,72.1517,47.2850,94.8305,AF4:0.846
SHIN_REAL_POSITIVE_ZFS_91,Homo_sapiens_shin2016,chr1,85563434,85563485,positive,62.3013,1,1,1,111,1.000000,190,79,13.2812,93,-18,70.5000,47264,1,13.2812,1,13.2812,82.0255,40.8899,72.1517,49.8390,94.5680,AF4:0.846;AF6:0.154
SHIN_REAL_POSITIVE_ZFS_92,Homo_sapiens_shin2016,chr2,232283058,232283101,positive,62.7860,1,1,1,70,1.000000,191,121,2.8646,186,116,90.0000,1596,1,2.8646,1,2.8646,81.9471,58.1462,72.1517,49.9578,94.5575,AF4:0.846
SHIN_REAL_POSITIVE_ZFS_93,Homo_sapiens_shin2016,chr7,130802052,130802112,positive,21.2851,1,1,1,204,0.394489,373,169,15.6250,60,-144,58.4746,89803,1,15.6250,0,0.0000,37.9421,27.2599,51.7695,68.1091,92.6850,AF9:0.842;AF12:0.842
SHIN_REAL_POSITIVE_ZFS_94,Homo_sapiens_shin2016,chr7,101562134,101562185,positive,62.1838,1,1,1,123,1.000000,192,69,9.3750,133,10,74.2857,152980,1,9.3750,1,9.3750,82.0255,27.2599,72.1517,49.8390,94.5680,AF4:0.846;AF6:0.154
SHIN_REAL_POSITIVE_ZFS_95,Homo_sapiens_shin2016,chr5,36987750,36987818,positive,57.7860,1,1,1,167,1.000000,193,26,17.7083,40,-127,63.4328,75102,1,17.7083,1,17.7083,81.7976,27.2599,72.1517,58.7721,93.6475,AF4:0.710;AF6:0.154;AF9:0.064
SHIN_REAL_POSITIVE_ZFS_96,Homo_sapiens_shin2016,chr19,1206122,1206151,positive,57.3904,1,1,1,182,1.000000,194,12,2.8646,187,5,60.0000,6571,1,2.8646,1,2.8646,81.4157,56.3279,72.1517,59.3780,93.5845,AF4:0.663;AF9:0.115
SHIN_REAL_POSITIVE_ZFS_97,Homo_sapiens_shin2016,chr4,72240959,72241024,positive,57.7176,1,1,1,169,1.000000,195,26,16.1458,55,-114,64.7541,30842,1,16.1458,1,16.1458,81.7686,27.2599,72.1517,58.8197,93.6405,AF4:0.706;AF6:0.154;AF9:0.068
SHIN_REAL_POSITIVE_ZFS_98,Homo_sapiens_shin2016,chr4,160436181,160436244,positive,57.6673,1,1,1,171,1.000000,196,25,16.4062,49,-122,64.9194,27734,1,16.4062,1,16.4062,81.7489,27.2599,72.1517,58.8553,93.6370,AF4:0.703;AF6:0.154;AF9:0.071
SHIN_REAL_POSITIVE_ZFS_99,Homo_sapiens_shin2016,chr1,179258575,179258959,positive,18.4887,0,0,0,337,0.394489,374,37,2.0833,294,-43,39.2857,0,1,2.0833,0,0.0000,35.8745,90.7109,51.7695,74.3813,92.0375,AF9:1.000;AF12:1.000
